Date;1;2;3;4;5;6;C
04/02/1978;6;17;30;31;35;37;15
11/02/1978;1;5;8;17;23;28;14
18/02/1978;3;5;6;8;17;18;10
25/02/1978;2;6;8;17;28;35;16
04/03/1978;8;10;18;25;32;33;34
11/03/1978;3;5;17;23;25;31;38
18/03/1978;5;9;10;24;28;31;6
25/03/1978;2;5;10;18;22;32;30
01/04/1978;3;9;17;21;28;39;4
08/04/1978;6;9;10;11;32;39;4
15/04/1978;3;11;20;28;33;35;26
22/04/1978;3;17;19;24;37;38;6
29/04/1978;12;16;24;27;34;38;18
06/05/1978;3;8;15;19;36;40;14
13/05/1978;20;24;28;30;32;39;16
20/05/1978;18;26;27;36;37;38;1
27/05/1978;6;12;20;25;30;35;2
03/06/1978;4;5;9;10;13;30;15
10/06/1978;4;16;18;22;26;35;37
17/06/1978;7;13;23;29;34;37;28
24/06/1978;6;19;23;26;28;37;10
01/07/1978;2;7;12;27;36;39;24
08/07/1978;5;7;10;19;22;31;27
15/07/1978;11;13;16;19;22;34;24
22/07/1978;2;12;23;36;38;40;17
29/07/1978;8;13;22;26;34;38;11
05/08/1978;8;15;20;26;35;39;33
12/08/1978;16;22;26;27;29;35;17
19/08/1978;5;18;20;22;36;40;4
26/08/1978;10;14;16;25;30;35;3
02/09/1978;5;18;19;24;32;35;40
09/09/1978;10;13;16;22;31;37;7
16/09/1978;11;12;16;17;19;23;18
23/09/1978;9;24;26;27;37;38;7
30/09/1978;7;13;15;16;29;40;2
07/10/1978;7;17;24;30;31;35;39
14/10/1978;1;17;21;22;38;40;5
21/10/1978;10;16;19;28;36;39;7
28/10/1978;10;15;29;32;36;37;4
04/11/1978;2;12;17;26;27;32;30
11/11/1978;11;12;23;29;33;39;10
18/11/1978;3;5;11;29;31;38;8
25/11/1978;5;7;9;25;32;38;13
02/12/1978;1;7;13;17;26;37;28
09/12/1978;5;7;14;27;39;40;35
16/12/1978;1;7;10;27;37;38;2
23/12/1978;5;10;14;18;26;29;12
30/12/1978;7;16;20;25;30;36;1
06/01/1979;1;15;20;28;31;33;9
13/01/1979;1;23;24;33;34;40;31
20/01/1979;1;3;5;26;28;35;36
27/01/1979;1;2;7;16;19;36;38
03/02/1979;2;3;7;12;27;37;32
10/02/1979;7;9;25;26;30;32;31
17/02/1979;1;3;4;28;33;40;10
24/02/1979;3;13;22;30;32;33;25
03/03/1979;14;19;26;27;36;37;16
10/03/1979;9;11;17;23;35;36;2
17/03/1979;13;16;17;19;20;28;11
24/03/1979;1;6;16;26;32;38;34
31/03/1979;2;7;8;29;32;36;27
07/04/1979;5;7;12;15;19;39;34
14/04/1979;7;14;23;31;34;37;18
21/04/1979;2;14;17;26;29;30;38
28/04/1979;1;2;10;13;35;37;30
05/05/1979;7;10;17;18;27;32;2
12/05/1979;7;15;18;25;27;39;20
19/05/1979;10;19;25;26;33;39;32
26/05/1979;1;2;11;31;35;39;15
02/06/1979;9;10;13;18;19;22;31
09/06/1979;7;8;9;17;24;28;12
16/06/1979;2;6;7;13;21;39;4
23/06/1979;10;11;18;25;37;38;32
30/06/1979;8;11;17;23;27;32;18
07/07/1979;7;14;15;18;25;32;11
14/07/1979;6;17;19;23;24;33;30
21/07/1979;4;6;7;8;10;16;5
28/07/1979;13;17;24;26;28;36;37
04/08/1979;4;16;21;22;27;33;35
11/08/1979;11;13;20;24;27;33;36
18/08/1979;6;14;17;22;23;27;33
25/08/1979;5;8;22;23;32;33;21
01/09/1979;13;17;22;26;31;38;39
08/09/1979;2;9;12;26;28;31;40
15/09/1979;1;3;12;13;20;33;27
22/09/1979;4;11;27;32;36;38;19
29/09/1979;1;3;8;17;20;39;19
06/10/1979;2;13;15;18;23;40;6
13/10/1979;3;6;10;13;15;27;19
20/10/1979;3;4;7;14;25;36;40
27/10/1979;9;10;19;20;21;23;31
03/11/1979;3;28;32;33;35;40;30
10/11/1979;3;13;15;23;29;30;22
17/11/1979;18;24;30;31;36;40;8
24/11/1979;3;11;18;23;32;35;39
01/12/1979;7;10;12;14;19;25;37
08/12/1979;2;18;19;23;36;37;34
15/12/1979;5;6;10;16;22;27;8
22/12/1979;10;15;16;21;31;35;32
29/12/1979;3;20;22;28;29;36;15
05/01/1980;6;14;16;17;18;24;3
12/01/1980;4;5;12;22;26;33;32
19/01/1980;15;26;27;30;32;39;16
26/01/1980;2;10;13;15;17;18;26
02/02/1980;7;20;21;28;36;38;17
09/02/1980;7;17;23;28;29;33;6
16/02/1980;5;6;19;24;34;36;39
23/02/1980;4;6;22;33;39;40;27
01/03/1980;4;15;26;31;37;39;35
08/03/1980;12;14;20;24;32;35;3
15/03/1980;13;19;23;24;25;34;18
22/03/1980;2;8;20;21;33;40;6
29/03/1980;8;22;31;36;37;40;21
05/04/1980;6;9;11;17;18;24;4
12/04/1980;10;13;15;29;32;38;3
19/04/1980;4;13;17;21;31;35;29
26/04/1980;6;12;14;21;23;25;38
03/05/1980;6;14;25;27;30;36;8
10/05/1980;2;4;13;18;24;34;3
17/05/1980;1;15;27;28;31;39;3
24/05/1980;4;5;11;15;17;36;28
31/05/1980;4;13;14;18;20;31;27
07/06/1980;3;7;20;33;35;36;16
14/06/1980;6;7;10;12;15;18;40
21/06/1980;3;18;23;25;37;39;2
28/06/1980;7;10;14;33;39;40;11
05/07/1980;15;16;20;23;32;36;39
12/07/1980;2;12;14;15;27;36;31
19/07/1980;1;2;9;12;13;35;29
26/07/1980;8;12;14;15;34;40;16
02/08/1980;4;8;9;20;30;37;23
09/08/1980;3;4;27;33;34;37;29
16/08/1980;5;8;15;27;32;34;37
23/08/1980;11;12;13;14;26;28;17
30/08/1980;5;7;12;24;27;35;1
06/09/1980;11;14;15;16;24;38;28
13/09/1980;2;6;14;21;24;33;23
20/09/1980;11;16;19;24;32;33;13
27/09/1980;21;25;26;28;31;35;19
04/10/1980;3;4;9;26;27;33;17
11/10/1980;5;7;16;20;23;33;25
18/10/1980;3;5;8;10;13;20;39
25/10/1980;3;6;12;20;26;37;14
01/11/1980;8;9;16;21;33;38;29
08/11/1980;2;5;23;30;33;37;28
15/11/1980;6;12;13;20;22;31;40
22/11/1980;4;14;15;16;23;40;7
29/11/1980;3;9;10;25;28;31;33
06/12/1980;3;4;32;35;36;39;31
13/12/1980;2;11;18;23;24;26;5
20/12/1980;4;5;6;7;25;26;35
27/12/1980;14;21;22;26;38;39;27
03/01/1981;12;14;23;30;32;39;1
10/01/1981;15;16;22;34;37;40;25
17/01/1981;5;8;13;18;31;40;39
24/01/1981;6;12;19;26;39;40;18
31/01/1981;6;19;20;21;22;37;18
07/02/1981;7;8;10;18;31;33;13
14/02/1981;9;15;17;20;27;32;26
21/02/1981;11;18;23;29;38;39;25
28/02/1981;15;27;28;31;35;39;8
07/03/1981;2;16;24;27;38;39;12
14/03/1981;13;14;16;19;31;36;12
21/03/1981;3;10;17;24;26;33;16
28/03/1981;5;11;18;22;23;34;9
04/04/1981;13;14;17;18;25;36;20
11/04/1981;2;7;9;20;29;32;10
18/04/1981;4;10;23;24;38;39;6
25/04/1981;4;5;12;14;17;29;27
02/05/1981;3;5;12;31;32;40;9
09/05/1981;4;9;18;28;31;34;36
16/05/1981;10;16;20;26;34;36;27
23/05/1981;2;7;9;21;25;36;13
30/05/1981;8;15;16;19;20;23;5
06/06/1981;2;19;20;23;25;28;6
13/06/1981;1;24;26;31;35;39;20
20/06/1981;6;14;18;26;35;37;4
27/06/1981;11;13;21;25;32;35;37
04/07/1981;14;15;21;22;31;38;3
11/07/1981;1;21;23;24;26;31;20
18/07/1981;2;12;26;30;33;40;22
25/07/1981;6;11;20;25;29;33;28
01/08/1981;12;17;21;23;29;38;7
08/08/1981;12;17;29;34;38;40;8
15/08/1981;1;5;12;25;27;28;6
22/08/1981;8;9;16;18;26;30;22
29/08/1981;1;18;28;30;32;35;2
05/09/1981;12;19;23;24;28;30;16
12/09/1981;12;15;24;25;27;32;13
19/09/1981;9;13;24;27;29;31;15
26/09/1981;1;3;4;9;13;31;33
03/10/1981;8;10;12;22;24;34;2
10/10/1981;4;12;13;26;29;37;30
17/10/1981;5;17;25;30;31;32;24
24/10/1981;5;8;18;21;22;36;31
31/10/1981;5;11;14;18;29;37;12
07/11/1981;16;20;25;31;34;39;11
14/11/1981;7;10;11;16;39;40;25
21/11/1981;7;17;20;27;30;32;35
28/11/1981;11;16;18;27;33;39;9
05/12/1981;4;5;12;14;28;38;7
12/12/1981;5;32;33;34;36;38;10
19/12/1981;8;24;28;34;36;37;29
26/12/1981;4;6;8;23;24;28;25
02/01/1982;11;12;18;24;28;36;17
09/01/1982;2;5;12;18;20;24;32
16/01/1982;4;5;20;24;25;32;9
23/01/1982;8;23;25;27;31;39;32
30/01/1982;5;7;8;24;25;34;10
06/02/1982;1;11;15;19;29;39;5
13/02/1982;5;19;23;24;31;32;40
20/02/1982;10;20;21;31;35;36;25
27/02/1982;3;7;14;23;33;38;20
06/03/1982;3;4;25;26;34;36;23
13/03/1982;4;8;17;24;28;39;7
20/03/1982;7;17;29;30;31;37;25
27/03/1982;9;10;27;31;34;37;39
03/04/1982;3;12;21;31;37;40;38
10/04/1982;5;8;14;23;31;33;37
17/04/1982;9;12;31;32;37;38;1
24/04/1982;7;9;12;16;23;28;17
01/05/1982;16;25;35;36;38;40;14
08/05/1982;2;3;16;17;27;37;21
15/05/1982;14;16;25;32;39;40;36
22/05/1982;18;19;20;30;32;37;25
29/05/1982;5;8;14;20;22;27;26
05/06/1982;17;21;22;30;31;32;36
12/06/1982;6;7;17;22;24;33;9
19/06/1982;2;3;7;9;30;39;37
26/06/1982;1;5;11;17;18;31;8
03/07/1982;3;22;23;27;31;33;16
10/07/1982;2;7;15;18;25;31;40
17/07/1982;10;20;23;25;27;29;5
24/07/1982;1;9;17;19;32;39;13
31/07/1982;3;9;14;16;23;32;29
07/08/1982;9;25;29;31;34;38;3
14/08/1982;12;15;17;25;29;34;26
21/08/1982;1;4;14;28;34;35;31
28/08/1982;12;16;17;21;22;40;32
04/09/1982;9;14;23;26;32;36;34
11/09/1982;11;12;17;20;29;33;8
18/09/1982;3;9;13;16;22;40;20
25/09/1982;10;20;24;28;35;39;12
02/10/1982;7;9;12;23;31;39;38
09/10/1982;4;6;9;15;19;32;22
16/10/1982;20;23;24;26;27;34;16
23/10/1982;3;4;5;8;9;27;19
30/10/1982;3;6;11;22;32;36;24
06/11/1982;12;16;26;27;28;30;20
13/11/1982;8;19;21;28;38;40;37
20/11/1982;12;19;29;31;33;40;39
27/11/1982;8;15;19;22;23;31;38
04/12/1982;5;7;9;22;30;38;12
11/12/1982;8;9;19;23;29;39;18
18/12/1982;1;8;12;16;24;32;28
25/12/1982;3;5;7;8;16;20;19
01/01/1983;5;7;22;31;33;34;4
08/01/1983;15;18;19;21;25;34;29
15/01/1983;10;18;21;29;31;38;22
22/01/1983;2;3;10;29;35;37;40
29/01/1983;7;9;23;24;27;36;4
05/02/1983;2;7;8;24;30;33;10
12/02/1983;5;6;15;20;24;36;22
19/02/1983;9;20;28;36;37;38;4
26/02/1983;3;7;8;22;29;39;16
05/03/1983;8;20;29;35;37;40;5
12/03/1983;8;11;18;37;39;40;12
19/03/1983;9;14;16;18;23;24;10
26/03/1983;9;24;27;31;37;38;29
02/04/1983;7;17;24;26;28;36;13
09/04/1983;2;6;10;11;14;21;35
16/04/1983;4;5;11;25;28;29;40
23/04/1983;3;9;16;27;31;35;10
30/04/1983;2;4;8;17;31;41;3
07/05/1983;11;18;19;32;36;38;41
14/05/1983;1;2;13;28;31;33;23
21/05/1983;5;8;10;13;29;30;27
28/05/1983;9;18;20;23;25;29;28
04/06/1983;1;3;9;28;32;34;17
11/06/1983;15;24;25;26;30;36;19
18/06/1983;4;11;23;36;38;42;21
25/06/1983;1;3;13;19;37;40;29
02/07/1983;7;11;24;27;34;39;3
09/07/1983;16;19;26;27;28;35;1
16/07/1983;1;3;15;20;39;42;24
23/07/1983;12;14;15;17;18;29;39
30/07/1983;2;20;30;32;37;41;33
06/08/1983;10;15;25;30;32;34;38
13/08/1983;8;18;24;25;27;36;38
20/08/1983;7;10;12;16;31;36;29
27/08/1983;2;3;12;22;24;36;42
03/09/1983;13;15;16;32;35;40;5
10/09/1983;5;8;12;31;36;38;14
17/09/1983;2;3;4;6;10;23;17
24/09/1983;9;22;25;31;37;42;21
01/10/1983;8;10;17;20;39;41;12
08/10/1983;6;18;27;30;32;40;11
15/10/1983;5;9;17;18;26;33;40
22/10/1983;16;21;23;28;30;33;3
29/10/1983;6;13;16;29;40;42;28
05/11/1983;24;28;29;30;31;40;21
12/11/1983;4;8;19;25;26;28;38
19/11/1983;3;5;17;25;28;34;29
26/11/1983;3;16;36;37;40;41;7
03/12/1983;7;12;13;14;18;29;24
10/12/1983;12;20;24;26;36;39;37
17/12/1983;5;12;26;27;29;42;33
24/12/1983;3;18;25;38;39;41;24
31/12/1983;2;11;13;20;21;37;17
07/01/1984;5;13;24;27;31;41;12
14/01/1984;5;11;13;32;39;41;40
21/01/1984;5;11;21;30;34;36;31
28/01/1984;9;12;14;23;26;37;40
04/02/1984;15;17;21;26;27;40;39
11/02/1984;3;16;20;24;25;37;27
18/02/1984;18;25;29;32;35;42;20
25/02/1984;3;9;12;26;27;32;37
03/03/1984;3;9;13;28;30;34;18
10/03/1984;5;6;14;26;38;39;7
17/03/1984;1;7;8;10;35;39;41
24/03/1984;2;6;9;18;32;37;36
31/03/1984;3;14;20;25;28;39;2
07/04/1984;5;13;20;24;26;31;41
14/04/1984;4;9;12;13;28;36;18
21/04/1984;5;16;23;24;29;36;8
28/04/1984;7;8;10;20;22;36;28
05/05/1984;10;14;17;20;33;42;29
12/05/1984;3;4;10;29;33;42;38
19/05/1984;1;4;14;16;18;38;28
26/05/1984;11;13;18;20;33;35;1
02/06/1984;2;12;13;38;39;40;32
09/06/1984;6;11;17;38;40;42;14
16/06/1984;8;11;28;30;38;40;12
23/06/1984;3;9;16;23;25;42;38
30/06/1984;5;7;21;32;34;40;17
07/07/1984;4;8;27;28;30;36;35
14/07/1984;2;8;15;19;23;26;1
21/07/1984;3;10;13;15;26;33;7
28/07/1984;2;3;22;27;31;39;9
04/08/1984;13;19;20;28;34;39;7
11/08/1984;8;12;14;21;38;41;36
18/08/1984;18;22;24;25;36;38;41
25/08/1984;1;5;23;29;34;39;6
01/09/1984;5;7;9;17;21;31;24
08/09/1984;11;14;16;22;28;37;17
15/09/1984;2;10;28;32;36;41;7
22/09/1984;2;3;10;32;35;41;12
29/09/1984;6;19;21;33;35;36;11
06/10/1984;1;4;30;33;39;40;28
13/10/1984;7;10;13;18;24;27;22
20/10/1984;6;13;15;25;35;41;36
27/10/1984;11;12;14;21;32;36;34
03/11/1984;4;11;14;35;36;39;34
10/11/1984;7;12;18;32;34;38;36
17/11/1984;12;15;18;22;39;42;25
24/11/1984;12;15;22;24;30;42;31
01/12/1984;1;10;19;24;28;39;6
08/12/1984;3;14;16;17;20;38;24
15/12/1984;4;7;17;29;32;40;19
22/12/1984;18;20;29;32;35;41;36
29/12/1984;5;12;20;21;24;33;39
05/01/1985;2;11;13;33;35;38;9
12/01/1985;2;15;20;21;23;37;31
19/01/1985;4;20;25;29;32;39;40
26/01/1985;15;24;27;31;39;42;29
02/02/1985;1;2;8;36;40;41;14
09/02/1985;6;26;31;33;34;40;22
16/02/1985;5;11;32;33;38;40;41
23/02/1985;4;7;22;29;32;37;23
02/03/1985;10;19;24;28;36;41;12
09/03/1985;5;7;9;11;27;38;10
16/03/1985;1;3;8;12;18;36;11
23/03/1985;2;5;15;16;23;26;40
30/03/1985;3;29;35;38;39;40;42
06/04/1985;3;7;21;26;30;37;10
13/04/1985;1;10;26;28;33;39;14
20/04/1985;2;9;12;17;21;23;31
27/04/1985;1;31;32;34;38;40;7
04/05/1985;3;11;24;27;35;42;2
11/05/1985;7;18;20;21;22;35;4
18/05/1985;15;18;21;26;27;28;42
25/05/1985;11;15;17;26;35;40;1
01/06/1985;2;7;10;20;35;41;33
08/06/1985;4;13;15;22;24;25;14
15/06/1985;11;21;22;23;24;33;3
22/06/1985;9;11;22;23;24;41;18
29/06/1985;3;7;13;18;20;28;12
06/07/1985;5;9;14;31;33;41;21
13/07/1985;5;15;17;19;27;29;38
20/07/1985;1;4;17;21;33;40;20
27/07/1985;2;4;16;23;34;42;37
03/08/1985;1;10;15;33;35;38;26
10/08/1985;7;22;30;33;36;38;40
17/08/1985;4;7;22;24;25;28;5
24/08/1985;2;3;16;20;24;32;9
31/08/1985;1;14;27;33;34;35;30
07/09/1985;14;15;26;29;36;42;23
14/09/1985;2;6;8;12;30;42;3
21/09/1985;7;17;20;22;31;40;18
28/09/1985;7;9;13;15;28;38;32
05/10/1985;1;6;7;10;32;36;20
12/10/1985;6;8;10;27;31;42;32
19/10/1985;4;6;14;21;32;37;13
26/10/1985;2;14;18;24;29;38;9
02/11/1985;3;23;24;36;38;42;27
09/11/1985;3;11;14;21;28;35;31
16/11/1985;1;3;4;8;18;31;24
23/11/1985;4;12;24;28;36;42;9
30/11/1985;11;15;16;28;39;40;31
07/12/1985;1;22;25;31;41;42;2
14/12/1985;10;25;33;35;38;40;11
21/12/1985;1;9;12;20;38;42;22
28/12/1985;13;20;21;29;41;42;32
04/01/1986;9;10;13;22;25;26;5
11/01/1986;3;7;13;20;33;38;5
18/01/1986;12;20;25;26;27;36;24
25/01/1986;16;25;26;28;29;42;12
01/02/1986;6;9;21;23;32;38;37
08/02/1986;3;10;18;25;29;33;14
15/02/1986;11;21;23;25;27;37;12
22/02/1986;4;9;18;19;24;41;16
01/03/1986;14;20;24;33;39;40;31
08/03/1986;1;13;19;20;34;39;6
15/03/1986;5;6;12;14;21;33;17
22/03/1986;2;9;17;18;35;42;1
29/03/1986;3;15;17;27;31;32;30
05/04/1986;4;10;19;22;27;30;18
12/04/1986;5;9;11;18;24;30;17
19/04/1986;7;12;28;29;33;34;5
26/04/1986;10;14;15;16;22;36;1
03/05/1986;13;22;29;34;35;42;7
10/05/1986;2;7;10;12;21;35;15
17/05/1986;7;11;20;21;34;40;13
24/05/1986;12;15;18;21;31;42;26
31/05/1986;11;15;26;28;38;39;33
07/06/1986;1;11;14;28;41;42;16
14/06/1986;11;14;18;19;29;42;10
21/06/1986;6;14;19;23;39;40;36
28/06/1986;3;5;10;15;20;37;42
05/07/1986;2;19;22;26;33;37;15
12/07/1986;3;10;21;26;27;28;41
19/07/1986;3;6;8;11;31;40;24
26/07/1986;2;10;16;20;29;41;26
02/08/1986;8;21;22;31;36;42;29
09/08/1986;5;13;18;22;24;30;16
16/08/1986;10;16;19;33;41;42;7
23/08/1986;6;19;21;31;36;39;16
30/08/1986;12;20;22;24;32;38;33
06/09/1986;2;6;9;17;24;36;10
13/09/1986;1;6;7;16;24;30;4
20/09/1986;9;10;19;33;39;40;32
27/09/1986;7;8;14;18;29;38;27
04/10/1986;8;10;19;26;38;39;25
11/10/1986;7;11;16;33;35;40;32
18/10/1986;15;32;34;35;41;42;21
25/10/1986;1;7;9;13;16;22;35
01/11/1986;8;12;16;17;19;34;10
08/11/1986;1;21;22;33;35;37;15
15/11/1986;5;9;14;27;31;34;25
22/11/1986;2;7;15;19;24;40;38
29/11/1986;7;13;15;37;39;41;35
06/12/1986;12;18;21;27;33;42;23
13/12/1986;10;21;26;27;31;41;28
20/12/1986;2;20;25;29;40;41;24
27/12/1986;2;10;20;25;31;42;26
03/01/1987;1;12;14;29;33;40;25
10/01/1987;1;4;25;30;31;42;9
17/01/1987;10;11;13;24;27;30;29
24/01/1987;2;5;12;15;24;42;35
31/01/1987;13;24;26;32;34;36;29
07/02/1987;3;4;6;8;13;27;34
14/02/1987;3;8;12;17;19;40;34
21/02/1987;6;16;18;26;35;41;20
28/02/1987;2;7;10;28;36;38;40
07/03/1987;2;11;17;22;28;29;37
14/03/1987;10;25;27;28;38;39;18
21/03/1987;13;14;25;26;34;36;4
28/03/1987;10;11;17;25;29;30;18
04/04/1987;5;7;13;27;37;40;6
11/04/1987;3;8;31;33;35;38;12
18/04/1987;2;7;11;15;27;42;5
25/04/1987;8;13;16;24;29;38;10
02/05/1987;2;22;24;26;27;35;41
09/05/1987;5;11;22;24;30;38;2
16/05/1987;7;22;31;34;36;41;14
23/05/1987;4;11;17;18;35;36;40
30/05/1987;6;21;35;38;40;42;39
06/06/1987;5;14;33;34;35;41;18
13/06/1987;12;15;17;21;25;27;29
20/06/1987;9;16;20;29;33;41;4
27/06/1987;4;23;26;39;40;42;14
04/07/1987;3;8;14;26;29;42;4
11/07/1987;1;23;29;30;31;35;40
18/07/1987;4;11;13;16;19;22;10
25/07/1987;5;14;17;30;33;34;31
01/08/1987;1;4;22;23;27;39;3
08/08/1987;3;4;14;24;25;35;40
15/08/1987;16;17;29;30;33;41;37
22/08/1987;5;6;10;19;21;32;22
29/08/1987;1;12;16;24;25;34;4
05/09/1987;5;11;12;13;25;37;24
12/09/1987;10;11;15;22;25;39;24
19/09/1987;8;14;22;32;36;38;13
26/09/1987;4;7;9;17;29;36;6
03/10/1987;1;4;8;17;37;40;3
10/10/1987;1;10;18;28;34;41;4
17/10/1987;3;10;27;29;31;41;42
24/10/1987;14;19;24;27;34;40;6
31/10/1987;10;14;17;25;34;36;32
07/11/1987;11;24;25;29;34;39;8
14/11/1987;9;11;14;22;23;38;16
21/11/1987;1;4;17;21;29;32;5
28/11/1987;10;22;28;29;32;38;17
05/12/1987;3;7;20;35;37;41;24
12/12/1987;7;9;10;13;22;38;20
19/12/1987;7;8;16;24;33;37;23
26/12/1987;5;17;19;26;30;39;33
02/01/1988;16;18;28;35;36;37;21
09/01/1988;10;19;20;30;37;42;12
16/01/1988;2;5;21;23;27;36;15
23/01/1988;2;10;13;19;26;41;32
30/01/1988;2;4;27;34;35;41;30
06/02/1988;15;16;17;27;31;37;30
13/02/1988;5;13;17;25;31;38;37
20/02/1988;3;4;6;9;29;33;11
27/02/1988;1;9;13;34;39;40;37
05/03/1988;7;9;14;15;21;40;11
12/03/1988;6;7;11;12;17;28;4
19/03/1988;1;4;14;21;27;31;36
26/03/1988;7;11;22;33;40;42;41
02/04/1988;9;10;12;17;19;41;24
09/04/1988;12;18;22;27;33;34;3
16/04/1988;5;15;19;24;25;30;9
23/04/1988;7;14;23;35;38;41;15
30/04/1988;11;23;25;34;35;42;38
07/05/1988;2;10;23;32;33;38;21
14/05/1988;4;8;14;16;21;25;28
21/05/1988;1;8;10;24;31;35;7
28/05/1988;10;28;37;38;39;41;11
04/06/1988;7;11;26;31;33;42;22
11/06/1988;9;12;13;16;19;22;31
18/06/1988;2;4;27;28;30;41;26
25/06/1988;13;14;21;33;34;40;41
02/07/1988;2;3;5;20;30;37;38
09/07/1988;10;12;17;19;36;41;14
16/07/1988;8;15;31;34;38;40;29
23/07/1988;6;11;18;22;29;31;9
30/07/1988;4;15;25;26;35;38;18
06/08/1988;2;8;11;14;24;30;25
13/08/1988;4;19;20;21;23;32;42
20/08/1988;4;5;7;19;21;37;13
27/08/1988;7;15;29;33;35;41;10
03/09/1988;1;6;20;22;34;36;27
10/09/1988;17;18;19;36;37;42;31
17/09/1988;12;17;19;22;24;30;21
24/09/1988;3;6;9;19;22;27;5
01/10/1988;5;16;17;20;22;36;33
08/10/1988;2;4;12;24;31;37;15
15/10/1988;4;7;13;20;22;25;15
22/10/1988;6;7;9;13;14;35;42
29/10/1988;9;24;25;27;31;36;29
05/11/1988;1;4;16;32;34;36;29
12/11/1988;5;18;27;32;33;39;35
19/11/1988;2;4;17;20;35;42;8
26/11/1988;3;14;17;20;24;32;19
03/12/1988;2;9;13;16;32;42;38
10/12/1988;3;4;17;19;25;31;39
17/12/1988;8;14;18;30;39;42;22
24/12/1988;1;6;13;15;24;31;23
31/12/1988;3;13;25;28;35;36;22
07/01/1989;6;17;19;32;33;39;24
14/01/1989;8;17;19;29;31;38;33
21/01/1989;1;21;24;27;31;40;42
28/01/1989;6;7;10;13;18;29;26
04/02/1989;2;11;22;32;37;41;17
11/02/1989;16;19;21;34;38;40;33
18/02/1989;15;17;29;33;38;39;20
25/02/1989;3;4;13;31;36;41;8
04/03/1989;4;29;31;32;37;41;13
11/03/1989;5;22;25;29;31;33;38
18/03/1989;2;5;13;24;28;32;16
25/03/1989;1;2;5;10;14;31;22
01/04/1989;4;8;13;22;25;38;16
08/04/1989;3;19;30;33;35;40;17
15/04/1989;7;10;13;14;25;30;27
22/04/1989;3;5;9;16;34;38;14
29/04/1989;2;9;13;15;28;30;38
06/05/1989;7;9;11;15;21;32;12
13/05/1989;1;2;5;19;24;30;14
20/05/1989;1;7;14;20;31;39;30
27/05/1989;3;12;15;26;33;37;11
03/06/1989;5;15;16;28;30;40;6
10/06/1989;4;6;7;9;22;28;20
17/06/1989;4;13;19;22;24;33;40
24/06/1989;1;15;24;28;31;33;7
01/07/1989;3;4;21;23;34;39;24
08/07/1989;1;21;24;25;28;29;33
15/07/1989;1;4;16;18;33;38;29
22/07/1989;1;4;6;9;11;33;34
29/07/1989;3;13;17;18;25;27;5
05/08/1989;3;14;19;29;32;40;35
12/08/1989;4;6;15;25;29;36;28
19/08/1989;2;12;23;27;28;30;1
26/08/1989;2;16;28;31;35;39;17
02/09/1989;10;30;38;39;40;42;17
09/09/1989;4;17;18;19;22;28;8
16/09/1989;5;7;16;22;28;40;35
23/09/1989;2;6;7;12;26;35;41
30/09/1989;2;5;13;24;28;29;22
07/10/1989;4;15;16;17;28;35;25
14/10/1989;4;13;17;21;28;34;20
21/10/1989;2;14;15;21;30;42;5
28/10/1989;1;2;7;16;30;39;21
04/11/1989;1;6;14;30;35;36;21
11/11/1989;13;17;23;31;33;39;18
18/11/1989;6;10;12;30;35;40;17
25/11/1989;3;4;22;30;34;38;35
02/12/1989;2;13;16;23;33;37;27
09/12/1989;4;16;20;24;25;35;7
16/12/1989;2;7;12;19;24;28;6
23/12/1989;1;11;23;30;32;39;34
30/12/1989;4;22;23;27;31;39;9
06/01/1990;1;7;18;37;40;42;22
13/01/1990;7;12;16;22;27;38;13
20/01/1990;5;6;15;19;32;35;11
27/01/1990;1;13;14;17;20;25;37
03/02/1990;13;15;16;21;28;37;19
10/02/1990;6;8;12;32;35;39;18
17/02/1990;6;7;12;24;28;35;3
24/02/1990;2;4;13;15;17;18;39
03/03/1990;5;14;16;21;31;38;6
10/03/1990;11;23;35;37;40;42;8
17/03/1990;16;25;32;34;40;42;26
24/03/1990;6;7;11;18;21;34;16
31/03/1990;4;5;7;11;29;31;39
07/04/1990;17;24;25;32;37;38;41
14/04/1990;6;13;15;17;22;27;5
21/04/1990;5;9;11;26;33;36;13
28/04/1990;4;12;13;14;27;39;16
05/05/1990;14;16;24;34;37;42;6
12/05/1990;2;3;18;23;28;35;29
19/05/1990;8;16;32;37;38;39;1
26/05/1990;4;9;12;26;28;36;16
02/06/1990;1;7;9;11;14;39;5
09/06/1990;7;11;12;13;33;41;32
16/06/1990;4;6;12;22;27;31;34
23/06/1990;9;13;20;25;28;37;18
30/06/1990;8;15;21;25;29;31;1
07/07/1990;9;24;31;33;37;40;14
14/07/1990;3;4;6;13;23;39;7
21/07/1990;2;6;11;13;22;40;14
28/07/1990;4;9;22;23;25;26;15
04/08/1990;1;2;15;30;32;37;10
11/08/1990;10;18;20;32;33;40;31
18/08/1990;2;16;25;28;29;40;36
25/08/1990;1;4;6;7;34;35;28
01/09/1990;6;9;10;23;28;38;25
08/09/1990;6;25;28;36;37;38;16
15/09/1990;1;10;24;31;41;42;26
22/09/1990;3;4;7;13;26;42;39
29/09/1990;2;12;13;18;23;33;25
06/10/1990;3;11;13;17;18;31;9
13/10/1990;11;16;29;32;41;42;24
20/10/1990;6;31;32;34;35;39;10
27/10/1990;1;7;13;14;34;40;32
03/11/1990;3;19;20;27;30;32;21
10/11/1990;8;13;26;31;40;42;38
17/11/1990;1;10;14;22;28;31;15
24/11/1990;13;16;29;33;36;39;6
01/12/1990;17;19;25;34;38;40;14
08/12/1990;14;17;25;26;28;30;18
15/12/1990;8;20;24;25;37;38;35
22/12/1990;2;6;24;34;38;40;25
29/12/1990;4;16;22;30;36;42;21
05/01/1991;10;17;26;32;34;41;5
12/01/1991;9;20;23;31;32;41;18
19/01/1991;2;6;9;13;16;22;5
26/01/1991;7;19;28;34;40;41;16
02/02/1991;4;7;10;23;31;40;22
09/02/1991;2;4;14;23;30;36;38
16/02/1991;3;5;11;21;36;37;12
23/02/1991;4;17;32;35;38;40;14
02/03/1991;4;9;14;28;36;41;37
09/03/1991;1;5;10;14;25;32;3
16/03/1991;18;21;22;23;37;41;40
23/03/1991;6;10;17;35;36;41;19
30/03/1991;1;6;8;11;15;39;37
06/04/1991;2;4;10;27;32;40;37
13/04/1991;3;7;14;21;22;37;18
20/04/1991;16;17;24;37;38;41;35
27/04/1991;11;13;25;28;30;34;14
04/05/1991;2;3;13;17;31;40;7
11/05/1991;6;12;20;32;36;41;8
18/05/1991;1;7;19;26;31;36;32
25/05/1991;7;11;17;20;23;39;9
01/06/1991;3;5;11;27;32;35;18
08/06/1991;4;11;16;23;26;31;9
15/06/1991;1;9;10;20;33;34;3
22/06/1991;4;7;25;31;32;34;9
29/06/1991;9;19;21;28;39;40;37
06/07/1991;4;9;10;32;34;37;25
13/07/1991;3;12;19;22;24;30;16
20/07/1991;2;11;15;20;22;41;40
27/07/1991;7;8;22;29;33;38;9
03/08/1991;6;13;21;35;38;40;23
10/08/1991;4;15;18;23;31;40;24
17/08/1991;3;9;14;22;32;34;5
24/08/1991;1;4;10;20;23;38;30
31/08/1991;11;12;15;19;25;42;16
07/09/1991;3;6;10;12;37;40;33
14/09/1991;21;25;30;33;34;41;3
21/09/1991;4;8;12;23;32;39;34
28/09/1991;1;10;13;25;27;41;34
05/10/1991;1;3;9;19;24;36;2
12/10/1991;1;7;10;17;19;26;3
19/10/1991;3;6;12;22;38;42;21
26/10/1991;1;10;18;27;32;42;6
02/11/1991;3;17;25;27;31;39;16
09/11/1991;8;15;16;18;29;30;5
16/11/1991;4;8;13;14;29;30;12
23/11/1991;7;9;18;20;21;41;38
30/11/1991;1;7;21;32;34;35;10
07/12/1991;7;8;12;14;16;32;11
14/12/1991;1;7;10;13;17;34;14
21/12/1991;1;8;16;36;40;41;17
28/12/1991;4;10;18;19;31;41;27
04/01/1992;3;12;14;21;30;31;4
11/01/1992;9;22;24;35;38;42;1
18/01/1992;13;15;18;19;27;42;16
25/01/1992;12;16;28;34;36;42;39
01/02/1992;5;12;14;18;30;42;28
08/02/1992;14;17;26;32;34;39;25
15/02/1992;1;27;31;33;35;41;4
22/02/1992;4;17;35;37;40;42;38
29/02/1992;3;21;24;27;29;40;25
07/03/1992;7;14;18;22;32;34;24
14/03/1992;3;7;23;25;38;39;5
21/03/1992;2;4;13;25;26;30;8
28/03/1992;1;18;20;32;33;37;9
04/04/1992;7;11;30;35;36;42;41
11/04/1992;12;17;19;27;34;35;16
18/04/1992;9;13;16;21;22;41;28
25/04/1992;5;11;18;24;30;40;14
02/05/1992;1;4;8;21;26;42;23
09/05/1992;9;12;31;32;34;37;20
16/05/1992;17;22;23;30;34;38;39
23/05/1992;1;5;21;29;30;42;31
30/05/1992;2;5;7;17;23;30;41
06/06/1992;6;12;17;25;30;35;31
13/06/1992;5;17;19;24;33;36;27
20/06/1992;14;16;19;20;24;33;28
27/06/1992;4;22;26;27;28;33;19
04/07/1992;2;24;27;28;29;38;3
11/07/1992;8;10;15;35;36;39;41
18/07/1992;10;18;19;22;24;42;2
25/07/1992;1;3;9;19;29;35;6
01/08/1992;1;11;14;22;34;37;18
08/08/1992;5;16;20;22;35;36;18
15/08/1992;3;10;16;18;29;36;5
22/08/1992;4;5;6;8;9;30;40
29/08/1992;11;12;23;28;31;42;9
05/09/1992;4;22;24;30;37;41;13
12/09/1992;17;21;25;27;30;36;14
19/09/1992;3;5;8;16;29;32;41
26/09/1992;7;15;25;27;33;38;40
03/10/1992;1;8;12;24;28;41;34
10/10/1992;1;4;14;25;28;37;32
17/10/1992;3;18;24;31;38;40;13
24/10/1992;1;19;25;32;39;41;35
31/10/1992;11;20;22;24;32;39;5
07/11/1992;6;15;29;30;32;41;33
14/11/1992;8;16;17;27;29;34;10
21/11/1992;10;11;17;23;35;39;5
28/11/1992;11;13;25;28;34;37;17
05/12/1992;7;14;15;16;17;35;33
12/12/1992;7;17;28;34;35;39;32
19/12/1992;2;7;13;17;32;41;29
26/12/1992;7;10;12;15;17;38;13
02/01/1993;6;13;19;23;26;42;3
09/01/1993;2;7;9;29;31;34;24
16/01/1993;3;11;17;19;20;42;8
23/01/1993;1;7;19;24;28;42;20
30/01/1993;3;7;15;21;26;34;4
06/02/1993;11;18;20;32;37;39;2
13/02/1993;7;14;30;34;36;38;40
20/02/1993;5;22;24;32;34;38;41
27/02/1993;2;7;15;29;32;39;26
06/03/1993;4;7;30;32;34;41;36
13/03/1993;3;7;10;13;28;34;30
20/03/1993;3;13;17;21;28;34;11
27/03/1993;9;14;15;16;27;33;11
03/04/1993;4;6;27;30;31;35;12
10/04/1993;7;11;12;30;40;42;5
17/04/1993;9;15;26;32;36;41;33
24/04/1993;2;9;15;17;30;32;4
01/05/1993;4;10;14;17;28;32;6
08/05/1993;2;3;10;34;38;42;35
15/05/1993;4;8;15;20;28;38;24
22/05/1993;1;15;23;25;28;39;10
29/05/1993;2;10;17;21;41;42;18
05/06/1993;5;9;11;22;38;41;40
12/06/1993;3;9;10;15;30;31;21
19/06/1993;4;17;20;28;38;42;1
26/06/1993;14;18;19;20;22;23;32
03/07/1993;2;18;25;33;37;41;10
10/07/1993;2;11;13;23;34;40;30
17/07/1993;12;13;20;21;28;34;16
24/07/1993;6;19;28;30;33;34;20
31/07/1993;19;20;23;25;31;34;9
07/08/1993;6;11;16;20;28;37;9
14/08/1993;6;14;19;24;25;32;36
21/08/1993;2;14;21;24;26;34;28
28/08/1993;5;18;23;36;37;40;21
04/09/1993;2;3;8;9;24;41;11
11/09/1993;14;22;31;33;38;40;27
18/09/1993;1;6;20;22;25;39;13
25/09/1993;1;6;7;27;36;37;4
02/10/1993;2;4;22;24;26;30;32
06/10/1993;7;17;21;29;33;37;3
09/10/1993;5;17;24;29;35;41;22
13/10/1993;2;9;10;11;31;41;40
16/10/1993;8;14;15;19;21;40;23
20/10/1993;2;4;11;25;36;40;22
23/10/1993;4;8;16;28;38;39;42
27/10/1993;2;6;8;13;21;34;29
30/10/1993;1;20;21;30;39;40;26
03/11/1993;1;2;23;25;36;42;41
06/11/1993;9;10;21;29;38;42;2
10/11/1993;4;5;11;13;19;28;14
13/11/1993;6;7;15;16;23;37;3
17/11/1993;4;7;23;24;25;39;28
20/11/1993;5;8;11;20;22;28;23
24/11/1993;7;9;16;28;32;34;10
27/11/1993;2;9;14;16;23;41;21
01/12/1993;6;10;13;15;18;39;40
04/12/1993;3;8;23;29;35;37;21
08/12/1993;12;16;18;24;30;31;22
11/12/1993;16;21;24;27;35;38;34
15/12/1993;1;4;9;19;21;31;5
18/12/1993;1;2;11;17;24;29;38
22/12/1993;4;9;13;19;34;37;10
25/12/1993;9;12;15;17;26;30;36
29/12/1993;6;9;11;17;28;39;12
01/01/1994;6;8;11;24;37;42;1
05/01/1994;11;17;21;24;27;42;41
08/01/1994;13;16;17;28;29;38;40
12/01/1994;1;9;19;21;29;39;40
15/01/1994;8;15;23;25;30;33;11
19/01/1994;4;6;11;12;29;37;30
22/01/1994;13;19;23;40;41;42;7
26/01/1994;5;15;20;25;32;34;7
29/01/1994;3;6;8;26;31;36;14
02/02/1994;5;7;20;21;28;38;25
05/02/1994;15;22;23;24;27;32;1
09/02/1994;5;12;24;28;37;39;7
12/02/1994;9;11;24;26;34;42;17
16/02/1994;4;6;13;29;33;38;24
19/02/1994;1;11;15;22;33;34;28
23/02/1994;3;10;15;22;23;30;5
26/02/1994;9;10;12;16;20;38;7
02/03/1994;4;16;20;27;33;37;7
05/03/1994;7;11;28;29;31;42;3
09/03/1994;8;10;18;27;30;32;4
12/03/1994;6;13;22;27;36;37;9
16/03/1994;6;8;20;21;29;38;11
19/03/1994;6;9;11;14;33;35;23
23/03/1994;7;18;21;28;33;39;9
26/03/1994;8;14;16;20;30;32;23
30/03/1994;1;2;3;9;21;24;17
02/04/1994;5;13;15;18;22;37;41
06/04/1994;2;3;20;27;40;42;31
09/04/1994;3;10;15;23;27;34;32
13/04/1994;10;13;24;27;31;37;23
16/04/1994;1;2;10;15;17;31;13
20/04/1994;10;14;17;26;28;40;41
23/04/1994;9;26;29;32;39;42;8
27/04/1994;2;6;7;25;31;33;38
30/04/1994;1;7;19;20;28;42;32
04/05/1994;5;14;22;29;32;42;13
07/05/1994;2;5;9;10;15;22;20
11/05/1994;1;11;15;23;27;36;41
14/05/1994;2;11;15;19;25;33;24
18/05/1994;4;7;15;18;34;39;25
21/05/1994;8;10;11;15;30;35;24
25/05/1994;2;9;20;33;38;41;42
28/05/1994;2;9;11;23;37;40;15
01/06/1994;3;27;28;34;38;41;14
04/06/1994;1;2;5;12;18;42;28
08/06/1994;1;14;19;35;40;41;8
11/06/1994;5;7;23;31;37;38;13
15/06/1994;7;10;18;25;27;31;9
18/06/1994;6;10;14;15;17;22;23
22/06/1994;2;8;19;20;36;37;7
25/06/1994;13;16;19;21;31;38;24
29/06/1994;10;12;18;20;38;40;4
02/07/1994;1;6;9;19;34;36;18
06/07/1994;8;10;21;31;39;42;36
09/07/1994;9;11;13;15;21;30;12
13/07/1994;4;13;20;22;26;27;33
16/07/1994;3;8;10;14;25;41;15
20/07/1994;1;7;15;27;37;42;3
23/07/1994;14;16;30;31;38;40;28
27/07/1994;9;16;30;34;36;38;11
30/07/1994;2;11;16;23;28;33;35
03/08/1994;1;26;36;39;41;42;24
06/08/1994;3;4;14;17;27;40;30
10/08/1994;4;8;13;22;25;37;42
13/08/1994;8;10;14;17;27;36;24
17/08/1994;16;22;32;34;35;38;4
20/08/1994;5;6;24;30;38;42;3
24/08/1994;11;14;17;25;35;38;42
27/08/1994;1;6;10;22;23;32;8
31/08/1994;5;19;24;27;33;37;35
03/09/1994;13;16;19;28;30;34;18
07/09/1994;19;27;30;37;38;39;32
10/09/1994;11;12;16;26;33;36;7
14/09/1994;9;12;28;29;37;40;10
17/09/1994;6;10;20;24;29;32;34
21/09/1994;4;7;9;13;14;37;21
24/09/1994;1;18;33;34;37;39;20
28/09/1994;3;5;22;26;29;38;19
01/10/1994;1;2;17;18;34;42;8
05/10/1994;3;6;16;27;32;40;37
08/10/1994;1;5;17;18;22;39;35
12/10/1994;6;19;20;24;25;29;30
15/10/1994;4;12;15;38;41;42;5
19/10/1994;3;4;12;14;25;40;41
22/10/1994;9;12;14;18;20;23;5
26/10/1994;1;5;7;9;24;29;10
29/10/1994;6;7;13;14;25;42;16
02/11/1994;2;8;21;31;32;35;19
05/11/1994;8;11;13;18;27;41;38
09/11/1994;2;12;14;15;18;36;4
12/11/1994;7;11;13;14;30;36;10
16/11/1994;6;10;14;16;20;36;25
19/11/1994;6;13;18;21;33;41;32
23/11/1994;5;7;9;33;40;42;29
26/11/1994;8;10;20;22;28;36;33
30/11/1994;3;9;14;28;41;42;7
03/12/1994;7;12;18;35;37;39;21
07/12/1994;2;8;14;19;25;41;23
10/12/1994;9;17;26;27;28;29;12
14/12/1994;5;23;24;25;27;32;12
17/12/1994;14;17;30;34;36;37;7
21/12/1994;2;3;14;28;33;34;5
24/12/1994;18;20;25;31;34;37;39
28/12/1994;3;5;20;27;29;35;1
31/12/1994;4;16;18;21;23;27;26
04/01/1995;8;12;14;25;30;35;19
07/01/1995;4;5;10;12;29;37;17
11/01/1995;5;6;11;22;24;28;12
14/01/1995;10;25;32;33;36;41;12
18/01/1995;6;14;15;17;18;31;30
21/01/1995;14;23;25;29;36;42;15
25/01/1995;2;5;8;39;40;41;29
28/01/1995;1;11;13;22;34;38;33
01/02/1995;11;13;20;25;34;35;9
04/02/1995;6;10;17;22;26;35;11
08/02/1995;4;7;29;31;32;37;42
11/02/1995;1;17;27;32;33;37;29
15/02/1995;10;17;21;26;35;40;29
18/02/1995;9;32;34;39;40;42;24
22/02/1995;13;24;25;30;33;40;20
25/02/1995;7;28;29;30;35;38;23
01/03/1995;5;12;16;17;27;29;8
04/03/1995;4;12;25;26;30;38;14
08/03/1995;13;18;19;37;39;41;25
11/03/1995;2;3;12;14;20;31;10
15/03/1995;8;27;30;32;33;38;7
18/03/1995;1;8;11;14;22;40;17
22/03/1995;1;8;22;29;34;36;4
25/03/1995;2;10;18;36;38;42;25
29/03/1995;2;4;5;18;36;40;20
01/04/1995;7;20;22;24;26;31;41
05/04/1995;15;18;22;28;40;42;25
08/04/1995;11;12;23;24;33;41;36
12/04/1995;3;4;20;26;32;35;39
15/04/1995;4;10;20;28;35;38;13
19/04/1995;7;10;16;19;34;37;27
22/04/1995;3;4;8;11;26;29;23
26/04/1995;6;8;13;29;36;38;28
29/04/1995;2;6;11;14;17;32;13
03/05/1995;2;3;5;8;14;32;12
06/05/1995;5;14;22;23;28;39;34
10/05/1995;1;6;9;14;22;42;40
13/05/1995;5;15;17;19;23;24;3
17/05/1995;5;8;12;17;31;42;24
20/05/1995;9;18;20;26;32;37;2
24/05/1995;9;17;23;31;36;38;20
27/05/1995;10;16;28;30;33;42;12
31/05/1995;1;8;13;18;19;41;4
03/06/1995;2;4;17;19;26;39;21
07/06/1995;1;15;16;18;26;27;41
10/06/1995;11;17;24;26;32;38;23
14/06/1995;2;26;31;36;37;39;34
17/06/1995;1;24;29;30;36;42;17
21/06/1995;12;15;20;27;35;36;34
24/06/1995;16;19;31;33;37;38;22
28/06/1995;5;8;14;27;29;41;30
01/07/1995;1;15;18;23;26;39;31
05/07/1995;5;11;13;15;22;25;12
08/07/1995;2;7;10;23;26;35;29
12/07/1995;2;11;24;25;32;34;3
15/07/1995;9;20;24;28;33;34;32
19/07/1995;1;10;12;21;27;40;33
22/07/1995;1;7;8;13;37;39;28
26/07/1995;2;7;14;15;37;42;41
29/07/1995;1;9;14;27;31;41;18
02/08/1995;5;12;25;26;32;36;34
05/08/1995;1;5;19;28;37;42;36
09/08/1995;2;3;8;14;27;40;21
12/08/1995;14;17;30;33;36;42;6
16/08/1995;1;6;15;21;29;39;35
19/08/1995;1;12;13;17;28;41;2
23/08/1995;3;4;13;29;35;41;40
26/08/1995;4;20;21;24;29;35;7
30/08/1995;5;14;15;21;37;38;20
02/09/1995;11;12;28;32;33;42;17
06/09/1995;12;22;29;34;38;41;27
09/09/1995;10;12;22;23;25;35;5
13/09/1995;15;19;24;35;40;42;5
16/09/1995;11;17;28;33;36;41;2
20/09/1995;11;20;23;24;25;28;21
23/09/1995;1;4;7;27;36;38;28
27/09/1995;4;7;11;36;39;40;18
30/09/1995;6;9;12;15;27;37;32
04/10/1995;1;11;12;23;30;34;26
07/10/1995;4;7;22;26;36;37;13
11/10/1995;15;17;30;32;34;36;13
14/10/1995;2;10;12;23;33;38;17
18/10/1995;8;14;25;35;36;42;33
21/10/1995;8;15;17;18;19;26;30
25/10/1995;2;6;30;32;33;40;25
28/10/1995;14;18;20;21;32;35;19
01/11/1995;5;17;22;34;37;38;30
04/11/1995;2;5;22;32;34;40;30
08/11/1995;1;19;27;33;34;39;36
11/11/1995;3;6;22;24;29;36;14
15/11/1995;1;7;19;25;27;33;9
18/11/1995;2;10;17;20;22;39;28
22/11/1995;13;21;22;25;30;37;19
25/11/1995;6;12;22;33;38;39;26
29/11/1995;6;8;18;20;22;26;33
02/12/1995;5;6;14;21;28;33;4
06/12/1995;10;30;31;33;35;37;2
09/12/1995;2;5;17;18;35;40;6
13/12/1995;4;12;17;18;26;31;33
16/12/1995;5;14;16;19;22;42;17
20/12/1995;9;15;20;26;30;34;25
23/12/1995;6;10;14;19;32;41;33
27/12/1995;12;22;27;31;34;38;33
30/12/1995;16;25;31;39;40;41;21
03/01/1996;6;14;21;22;33;37;40
06/01/1996;2;17;21;24;34;41;9
10/01/1996;2;4;21;24;26;31;17
13/01/1996;6;13;20;21;25;30;31
17/01/1996;17;23;31;32;35;36;13
20/01/1996;3;4;10;16;29;38;40
24/01/1996;1;4;7;21;27;30;20
27/01/1996;2;4;17;30;34;36;39
31/01/1996;5;22;23;25;27;30;29
03/02/1996;2;4;5;17;20;31;39
07/02/1996;2;4;7;21;33;36;41
10/02/1996;7;8;9;22;25;42;2
14/02/1996;3;6;14;31;40;42;7
17/02/1996;4;13;20;31;34;36;12
21/02/1996;1;3;17;19;23;32;21
24/02/1996;8;14;19;22;24;25;27
28/02/1996;10;15;16;26;28;34;19
02/03/1996;11;22;23;32;33;35;19
06/03/1996;5;22;24;29;32;33;25
09/03/1996;3;7;20;26;30;41;9
13/03/1996;7;9;15;21;29;36;30
16/03/1996;3;16;26;32;36;37;34
20/03/1996;2;9;12;25;27;31;23
23/03/1996;2;11;30;33;39;41;8
27/03/1996;1;14;17;19;22;31;26
30/03/1996;2;11;21;28;31;40;9
03/04/1996;1;6;7;16;22;40;34
06/04/1996;11;23;24;25;26;36;3
10/04/1996;7;8;18;23;25;31;4
13/04/1996;10;12;20;23;30;31;22
17/04/1996;1;2;7;12;13;26;18
20/04/1996;9;11;14;17;29;40;18
24/04/1996;1;7;14;16;27;28;9
27/04/1996;18;21;22;30;34;36;13
01/05/1996;2;5;6;11;26;39;27
04/05/1996;10;15;26;27;37;39;41
08/05/1996;6;11;20;29;31;32;39
11/05/1996;10;17;19;26;27;32;33
15/05/1996;1;7;9;13;14;42;2
18/05/1996;2;13;23;27;32;36;33
22/05/1996;1;7;21;23;31;39;17
25/05/1996;4;5;12;13;23;25;7
29/05/1996;3;9;24;25;38;40;41
01/06/1996;3;13;15;24;32;34;41
05/06/1996;4;14;16;21;26;32;9
08/06/1996;2;7;25;28;40;42;19
12/06/1996;10;25;36;38;39;40;35
15/06/1996;9;10;12;16;24;25;22
19/06/1996;2;14;18;32;41;42;26
22/06/1996;5;6;23;27;31;41;33
26/06/1996;15;16;21;22;23;34;11
29/06/1996;2;4;8;14;19;26;37
03/07/1996;15;19;20;26;37;40;23
06/07/1996;2;13;20;25;30;31;6
10/07/1996;2;11;16;18;23;33;20
13/07/1996;6;11;18;32;35;39;34
17/07/1996;2;10;24;28;39;42;37
20/07/1996;2;4;25;27;34;36;16
24/07/1996;4;11;20;35;39;42;22
27/07/1996;10;17;20;27;31;37;4
31/07/1996;9;12;14;16;24;38;21
03/08/1996;15;24;28;31;32;35;37
07/08/1996;10;17;24;37;38;39;8
10/08/1996;1;10;20;21;33;41;15
14/08/1996;14;17;21;31;32;36;8
17/08/1996;2;13;16;20;25;36;29
21/08/1996;15;20;23;27;34;40;24
24/08/1996;19;26;30;31;39;42;1
28/08/1996;5;7;16;20;22;37;39
31/08/1996;6;24;27;33;40;42;21
04/09/1996;9;14;17;23;28;37;1
07/09/1996;1;7;8;11;22;24;34
11/09/1996;1;7;16;21;28;37;4
14/09/1996;4;9;23;28;35;38;27
18/09/1996;19;20;21;26;28;37;25
21/09/1996;1;15;26;28;31;37;2
25/09/1996;2;8;14;17;21;26;10
28/09/1996;1;8;22;29;31;32;10
02/10/1996;2;3;10;15;18;29;26
05/10/1996;13;14;15;17;18;19;35
09/10/1996;16;19;22;25;36;41;31
12/10/1996;4;10;14;22;23;32;26
16/10/1996;5;14;20;26;40;42;24
19/10/1996;3;5;25;26;27;33;16
23/10/1996;2;3;19;20;25;29;32
26/10/1996;6;12;24;28;36;40;15
30/10/1996;11;20;35;40;41;42;32
02/11/1996;7;8;21;24;26;39;23
06/11/1996;1;9;19;23;27;41;18
09/11/1996;3;6;9;11;23;35;4
13/11/1996;5;12;27;35;38;40;29
16/11/1996;3;5;32;36;37;39;12
20/11/1996;4;7;15;16;25;40;12
23/11/1996;1;14;17;18;30;31;3
27/11/1996;4;6;12;14;24;35;23
30/11/1996;3;5;19;20;26;27;14
04/12/1996;3;23;24;31;32;39;22
07/12/1996;12;14;20;31;35;40;26
11/12/1996;10;18;21;24;41;42;27
14/12/1996;12;23;30;34;37;42;24
18/12/1996;1;4;9;23;26;33;30
21/12/1996;8;11;22;28;30;33;41
25/12/1996;2;8;18;21;28;42;14
28/12/1996;5;29;32;35;36;38;31
01/01/1997;4;7;19;29;36;41;26
04/01/1997;3;13;21;28;31;38;24
08/01/1997;19;23;27;28;34;35;38
11/01/1997;10;15;16;25;31;39;32
15/01/1997;7;15;16;21;24;27;5
18/01/1997;1;20;26;27;30;35;38
22/01/1997;5;8;16;21;41;42;12
25/01/1997;2;8;9;22;27;32;31
29/01/1997;3;14;15;16;35;38;18
01/02/1997;3;6;17;18;24;38;40
05/02/1997;20;26;29;35;37;39;30
08/02/1997;16;18;25;32;40;41;24
12/02/1997;5;12;22;24;36;37;39
15/02/1997;6;12;18;26;35;36;7
19/02/1997;2;5;23;26;36;39;34
22/02/1997;16;32;34;35;36;42;29
26/02/1997;15;16;25;35;38;42;39
01/03/1997;23;24;30;31;33;35;1
05/03/1997;5;14;16;21;25;37;7
08/03/1997;11;17;19;35;36;37;4
12/03/1997;10;18;22;27;30;32;20
15/03/1997;10;14;27;30;35;37;39
19/03/1997;14;16;23;32;36;39;13
22/03/1997;2;7;9;16;21;25;20
26/03/1997;7;18;19;22;30;37;26
29/03/1997;1;7;9;10;19;39;33
02/04/1997;16;17;24;26;30;42;12
05/04/1997;5;9;20;22;36;42;38
09/04/1997;9;11;18;23;29;33;30
12/04/1997;1;7;16;21;24;39;11
16/04/1997;7;11;22;34;38;42;17
19/04/1997;5;12;27;29;34;40;7
23/04/1997;17;18;22;24;25;33;13
26/04/1997;5;9;10;15;18;32;29
30/04/1997;7;10;16;17;33;37;41
03/05/1997;12;19;22;29;34;39;6
07/05/1997;7;14;20;21;26;31;2
10/05/1997;1;4;7;12;31;42;10
14/05/1997;13;22;26;33;40;42;29
17/05/1997;7;18;19;22;33;34;32
21/05/1997;22;24;28;29;30;40;39
24/05/1997;9;11;15;17;40;41;25
28/05/1997;5;8;16;17;26;37;2
31/05/1997;7;14;26;34;35;36;42
04/06/1997;11;23;29;36;39;42;22
07/06/1997;4;11;24;31;37;40;17
11/06/1997;17;23;24;35;37;38;29
14/06/1997;2;3;8;14;21;36;34
18/06/1997;5;16;18;31;34;39;35
21/06/1997;3;12;19;23;40;41;16
25/06/1997;7;11;18;19;26;42;4
28/06/1997;1;7;12;25;35;39;15
02/07/1997;14;19;29;31;34;37;38
05/07/1997;1;5;9;12;20;29;31
09/07/1997;4;10;22;34;36;39;12
12/07/1997;8;9;15;18;33;35;6
16/07/1997;6;14;19;21;31;41;28
19/07/1997;2;4;26;31;33;35;34
23/07/1997;2;3;4;7;21;36;5
26/07/1997;5;13;16;22;28;41;2
30/07/1997;3;7;9;16;20;41;30
02/08/1997;5;22;31;34;38;40;30
06/08/1997;13;17;18;19;22;30;9
09/08/1997;1;12;13;16;18;42;34
13/08/1997;7;17;18;24;35;40;9
16/08/1997;1;2;17;30;35;38;32
20/08/1997;3;7;21;24;33;34;20
23/08/1997;4;14;20;28;34;39;26
27/08/1997;1;8;19;20;25;36;37
30/08/1997;10;14;17;22;24;30;11
03/09/1997;9;12;17;26;27;38;35
06/09/1997;8;10;18;30;31;40;41
10/09/1997;9;11;25;35;39;40;13
13/09/1997;15;24;26;32;34;36;16
17/09/1997;1;21;23;35;38;41;17
20/09/1997;13;17;20;27;29;37;19
24/09/1997;17;23;26;28;37;38;10
27/09/1997;8;9;11;15;36;41;4
01/10/1997;4;7;8;14;25;26;12
04/10/1997;8;17;21;40;41;42;11
08/10/1997;3;6;28;33;36;39;20
11/10/1997;12;13;14;21;31;38;42
15/10/1997;5;9;25;31;35;42;2
18/10/1997;3;11;23;28;36;37;6
22/10/1997;15;20;24;25;33;38;16
25/10/1997;25;28;31;37;39;40;7
29/10/1997;5;9;25;32;39;41;28
01/11/1997;16;28;32;34;40;42;18
05/11/1997;4;11;12;24;38;42;16
08/11/1997;3;16;25;26;27;37;1
12/11/1997;1;9;11;12;33;42;10
15/11/1997;3;16;21;32;40;42;25
19/11/1997;5;18;23;25;26;28;19
22/11/1997;2;4;17;24;26;37;20
26/11/1997;9;14;18;19;28;40;10
29/11/1997;9;16;17;24;34;40;4
03/12/1997;5;6;9;24;38;41;3
06/12/1997;6;21;24;29;35;38;33
10/12/1997;3;10;13;22;38;41;2
13/12/1997;7;8;9;14;24;29;25
17/12/1997;7;18;25;26;38;41;19
20/12/1997;9;13;23;35;36;42;25
24/12/1997;4;6;27;32;37;41;39
27/12/1997;3;4;10;18;28;40;16
31/12/1997;1;4;5;7;10;35;19
03/01/1998;4;12;17;31;35;41;27
07/01/1998;9;14;16;25;37;38;32
10/01/1998;1;8;34;37;41;42;15
14/01/1998;6;7;24;34;41;42;26
17/01/1998;10;14;29;30;32;38;35
21/01/1998;12;15;28;31;36;42;5
24/01/1998;19;22;31;32;38;41;6
28/01/1998;10;23;25;29;32;37;31
31/01/1998;2;6;8;9;10;14;22
04/02/1998;7;15;19;20;21;22;3
07/02/1998;7;15;21;28;33;34;2
11/02/1998;3;9;12;17;19;29;13
14/02/1998;12;15;30;37;38;40;6
18/02/1998;14;15;20;21;32;35;28
21/02/1998;2;14;22;27;30;42;9
25/02/1998;2;11;12;13;14;24;15
28/02/1998;1;5;18;24;33;39;21
04/03/1998;9;14;16;25;38;41;21
07/03/1998;14;15;22;28;29;39;1
11/03/1998;1;2;3;9;32;36;11
14/03/1998;7;17;19;24;26;29;21
18/03/1998;9;10;13;20;21;22;6
21/03/1998;11;12;14;15;17;36;40
25/03/1998;2;20;22;36;39;41;8
28/03/1998;7;10;17;25;26;35;9
01/04/1998;9;11;16;26;29;42;30
04/04/1998;16;17;21;26;33;38;34
08/04/1998;3;12;14;23;25;35;6
11/04/1998;8;10;13;24;25;40;12
15/04/1998;10;12;17;24;29;38;5
18/04/1998;1;6;29;31;41;42;13
22/04/1998;9;12;14;17;22;35;10
25/04/1998;3;4;8;11;36;41;35
29/04/1998;12;15;18;30;34;40;4
02/05/1998;3;11;20;25;28;37;33
06/05/1998;8;18;29;30;34;36;26
09/05/1998;12;13;24;30;32;35;26
13/05/1998;18;29;30;34;38;39;31
16/05/1998;2;9;16;21;30;42;27
20/05/1998;7;9;21;27;34;38;20
23/05/1998;5;10;21;24;27;36;4
27/05/1998;13;14;23;25;26;33;9
30/05/1998;1;21;23;26;41;42;38
03/06/1998;7;9;12;13;14;19;16
06/06/1998;16;22;25;27;30;33;41
10/06/1998;5;24;28;31;35;39;15
13/06/1998;3;6;14;15;18;36;2
17/06/1998;11;15;16;21;29;32;31
20/06/1998;4;16;25;35;36;41;6
24/06/1998;6;10;12;21;28;35;2
27/06/1998;5;12;16;20;26;42;38
01/07/1998;4;9;18;19;30;38;24
04/07/1998;4;8;17;21;22;37;41
08/07/1998;21;29;31;34;38;41;35
11/07/1998;7;18;19;24;33;37;12
15/07/1998;1;6;13;15;31;35;20
18/07/1998;9;13;22;25;29;37;5
22/07/1998;10;11;13;16;27;37;33
25/07/1998;9;13;25;29;31;32;34
29/07/1998;1;4;8;28;31;41;38
01/08/1998;5;7;14;19;26;39;29
05/08/1998;3;12;13;18;19;37;17
08/08/1998;1;6;16;17;23;39;24
12/08/1998;6;10;14;22;34;41;26
15/08/1998;5;8;19;20;34;37;26
19/08/1998;3;12;28;30;37;40;32
22/08/1998;3;4;6;9;19;21;42
26/08/1998;2;7;8;12;30;37;41
29/08/1998;8;10;14;17;22;38;12
02/09/1998;9;12;14;23;35;38;13
05/09/1998;1;3;16;19;20;31;12
09/09/1998;1;4;6;8;20;33;19
12/09/1998;5;17;18;24;28;30;21
16/09/1998;7;15;19;33;38;40;21
19/09/1998;5;9;25;26;27;42;7
23/09/1998;6;16;19;28;36;40;8
26/09/1998;20;24;26;30;33;35;12
30/09/1998;5;12;17;18;35;37;11
03/10/1998;20;22;23;29;40;42;18
07/10/1998;1;14;18;28;30;42;9
10/10/1998;9;22;23;24;27;32;30
14/10/1998;2;13;30;34;38;40;12
17/10/1998;2;4;19;34;37;39;16
21/10/1998;3;5;11;23;30;34;41
24/10/1998;9;12;14;31;39;40;29
28/10/1998;2;3;4;7;14;31;5
31/10/1998;8;14;22;27;35;42;15
04/11/1998;1;7;27;37;39;40;20
07/11/1998;6;8;14;29;36;39;38
11/11/1998;2;6;12;26;33;34;14
14/11/1998;14;20;27;29;34;41;1
18/11/1998;4;11;14;20;21;41;26
21/11/1998;3;6;8;17;35;37;5
25/11/1998;8;12;19;26;40;41;7
28/11/1998;4;20;31;32;40;41;42
02/12/1998;3;12;21;27;35;37;31
05/12/1998;4;5;8;9;24;26;15
09/12/1998;10;13;23;24;31;37;15
12/12/1998;11;12;16;33;34;40;23
16/12/1998;7;11;16;19;22;38;6
19/12/1998;1;16;18;20;29;40;21
23/12/1998;4;13;32;36;38;41;10
26/12/1998;8;15;19;32;36;38;2
30/12/1998;8;22;25;26;32;37;35
02/01/1999;3;9;27;28;34;37;22
06/01/1999;12;15;18;29;32;33;25
09/01/1999;5;6;14;16;31;38;10
13/01/1999;12;16;24;28;31;34;14
16/01/1999;18;20;37;38;39;42;4
20/01/1999;6;9;14;28;33;41;32
23/01/1999;10;11;12;24;31;36;22
27/01/1999;9;12;17;21;24;31;5
30/01/1999;18;25;31;34;37;42;5
03/02/1999;6;8;9;13;29;31;37
06/02/1999;2;5;12;22;26;40;13
10/02/1999;4;13;19;21;29;37;40
13/02/1999;3;17;21;33;34;42;36
17/02/1999;3;4;7;9;32;37;25
20/02/1999;1;11;21;22;27;41;34
24/02/1999;3;24;26;32;33;37;20
27/02/1999;2;3;23;30;31;42;40
03/03/1999;6;21;22;28;32;38;12
06/03/1999;3;14;15;19;24;27;16
10/03/1999;2;12;13;25;30;34;27
13/03/1999;3;20;29;31;33;35;13
17/03/1999;2;14;16;24;36;37;12
20/03/1999;10;17;20;23;24;28;19
24/03/1999;6;10;17;21;31;36;24
27/03/1999;1;5;12;27;33;35;36
31/03/1999;4;18;30;31;35;40;9
03/04/1999;4;10;18;22;29;41;30
07/04/1999;1;10;18;30;34;41;5
10/04/1999;6;10;13;15;33;36;9
14/04/1999;6;24;29;34;40;42;20
17/04/1999;2;9;13;22;31;38;26
21/04/1999;14;19;21;27;35;41;24
24/04/1999;1;9;22;32;33;40;36
28/04/1999;10;14;15;17;18;42;31
01/05/1999;12;16;23;28;33;36;19
05/05/1999;1;6;21;22;32;35;41
08/05/1999;2;20;21;35;36;41;16
12/05/1999;20;23;25;31;33;42;24
15/05/1999;6;10;14;18;32;38;16
19/05/1999;3;8;12;23;32;42;17
22/05/1999;1;4;6;12;36;40;34
26/05/1999;5;21;22;26;27;33;23
29/05/1999;1;10;17;21;27;33;42
02/06/1999;3;4;20;25;34;41;18
05/06/1999;9;10;12;17;19;38;14
09/06/1999;2;14;15;27;30;36;7
12/06/1999;10;12;15;22;33;34;31
16/06/1999;4;21;23;25;27;39;10
19/06/1999;6;7;13;17;26;32;29
23/06/1999;13;16;25;27;40;41;33
26/06/1999;16;20;21;31;33;41;11
30/06/1999;8;16;22;27;29;39;12
03/07/1999;1;2;14;24;31;32;35
07/07/1999;1;7;9;12;16;22;4
10/07/1999;9;10;17;24;26;41;22
14/07/1999;10;11;13;15;23;42;5
17/07/1999;5;6;7;29;38;41;17
21/07/1999;7;14;25;34;36;38;6
24/07/1999;11;12;16;23;24;35;2
28/07/1999;13;16;23;29;35;37;38
31/07/1999;2;3;7;13;16;40;42
04/08/1999;6;9;24;33;36;42;18
07/08/1999;3;13;24;27;28;38;7
11/08/1999;2;6;9;21;39;41;11
14/08/1999;7;13;23;24;28;37;5
18/08/1999;13;17;21;30;36;39;24
21/08/1999;14;18;30;34;39;42;16
25/08/1999;6;23;25;27;29;36;31
28/08/1999;3;11;14;29;30;41;9
01/09/1999;3;4;13;15;25;38;33
04/09/1999;2;15;19;23;36;39;42
08/09/1999;5;6;7;16;30;37;34
11/09/1999;5;11;18;34;37;38;3
15/09/1999;4;9;13;17;21;41;40
18/09/1999;5;6;12;18;28;29;21
22/09/1999;3;13;16;28;30;33;34
25/09/1999;7;8;10;15;31;34;41
29/09/1999;10;19;24;29;41;42;25
02/10/1999;6;9;12;22;34;35;40
06/10/1999;7;11;18;30;38;42;9
09/10/1999;4;14;16;18;33;34;41
13/10/1999;2;4;5;13;29;35;34
16/10/1999;24;27;36;38;41;42;21
20/10/1999;1;2;8;21;24;28;32
23/10/1999;16;20;23;34;37;39;17
27/10/1999;6;12;19;29;34;38;42
30/10/1999;18;24;25;26;34;35;36
03/11/1999;4;14;16;33;34;35;13
06/11/1999;2;11;16;18;24;37;23
10/11/1999;16;18;20;30;33;42;3
13/11/1999;16;17;23;28;32;41;36
17/11/1999;1;8;16;25;32;37;41
20/11/1999;12;13;18;37;41;42;38
24/11/1999;13;17;18;19;23;28;15
27/11/1999;1;2;6;20;27;42;24
01/12/1999;12;16;21;25;31;41;4
04/12/1999;5;11;26;30;32;39;15
08/12/1999;7;13;21;32;36;38;6
11/12/1999;8;15;22;24;25;34;19
15/12/1999;4;11;18;19;24;29;2
18/12/1999;4;8;13;18;23;40;5
22/12/1999;12;14;22;24;30;42;2
25/12/1999;9;14;16;29;31;39;12
29/12/1999;1;9;25;34;38;40;13
01/01/2000;9;19;22;39;41;42;17
05/01/2000;9;13;14;22;23;39;18
08/01/2000;2;9;23;24;31;35;16
12/01/2000;8;11;24;27;35;41;22
15/01/2000;15;16;19;21;25;39;22
19/01/2000;4;7;17;23;27;40;9
22/01/2000;2;11;18;21;28;40;9
26/01/2000;21;22;33;34;36;37;13
29/01/2000;11;24;27;29;32;37;12
02/02/2000;7;18;19;25;30;33;8
05/02/2000;4;14;17;29;31;39;5
09/02/2000;3;8;12;13;16;24;42
12/02/2000;7;21;25;26;32;36;27
16/02/2000;4;5;12;27;33;40;8
19/02/2000;2;11;21;24;29;42;8
23/02/2000;6;23;25;28;33;35;11
26/02/2000;4;14;16;24;35;41;28
01/03/2000;7;12;24;27;30;35;15
04/03/2000;3;8;11;14;26;28;17
08/03/2000;13;14;19;24;25;34;1
11/03/2000;3;8;13;19;27;33;40
15/03/2000;12;19;21;29;40;41;18
18/03/2000;3;14;23;29;30;38;18
22/03/2000;10;14;26;27;32;39;34
25/03/2000;3;12;23;35;39;40;30
29/03/2000;11;16;19;31;32;42;25
01/04/2000;4;9;16;24;28;41;15
05/04/2000;5;10;12;21;30;36;41
08/04/2000;10;26;27;28;29;32;11
12/04/2000;3;5;20;23;24;36;8
15/04/2000;4;6;13;17;32;38;40
19/04/2000;5;6;22;24;31;42;10
22/04/2000;3;6;7;8;9;33;13
26/04/2000;1;22;23;33;37;38;20
29/04/2000;3;5;11;23;31;38;21
03/05/2000;3;4;25;32;34;37;1
06/05/2000;9;12;14;16;32;33;6
10/05/2000;1;13;15;19;33;40;41
13/05/2000;2;3;7;14;18;27;5
17/05/2000;6;14;16;23;27;32;18
20/05/2000;7;23;29;33;34;40;9
24/05/2000;13;14;16;23;35;39;7
27/05/2000;2;4;12;17;30;33;9
31/05/2000;1;2;9;23;31;40;8
03/06/2000;2;4;5;9;19;28;42
07/06/2000;4;19;27;34;35;36;12
10/06/2000;26;28;30;33;37;38;24
14/06/2000;4;5;15;24;40;42;21
17/06/2000;2;5;10;11;26;27;17
21/06/2000;4;10;15;33;39;40;34
24/06/2000;5;7;16;21;36;38;34
28/06/2000;9;14;16;18;23;29;1
01/07/2000;1;2;3;5;37;41;8
05/07/2000;10;18;22;29;32;40;27
08/07/2000;5;11;12;20;22;33;1
12/07/2000;5;7;12;14;30;41;9
15/07/2000;1;11;18;29;36;37;33
19/07/2000;4;9;11;24;26;33;16
22/07/2000;10;12;15;21;29;35;18
26/07/2000;21;24;27;31;32;33;26
29/07/2000;2;5;7;8;24;25;23
02/08/2000;12;14;16;19;21;28;11
05/08/2000;2;8;15;20;24;28;17
09/08/2000;14;21;29;30;32;37;9
12/08/2000;13;22;26;30;34;36;37
16/08/2000;3;12;14;16;19;25;9
19/08/2000;1;11;29;30;38;39;25
23/08/2000;7;21;23;24;26;36;38
26/08/2000;10;11;18;22;24;37;26
30/08/2000;1;5;15;16;27;39;38
02/09/2000;1;8;9;10;20;26;4
06/09/2000;7;11;26;28;33;40;41
09/09/2000;2;3;5;22;27;31;37
13/09/2000;1;11;18;21;24;26;32
16/09/2000;4;16;20;28;30;42;10
20/09/2000;5;13;15;29;33;37;36
23/09/2000;4;10;13;21;25;28;32
27/09/2000;2;3;6;25;32;39;41
30/09/2000;1;2;8;24;27;38;13
04/10/2000;15;17;28;33;38;42;26
07/10/2000;8;16;37;38;39;41;40
11/10/2000;4;8;10;16;26;31;1
14/10/2000;11;17;31;35;40;42;12
18/10/2000;1;5;11;17;34;39;16
21/10/2000;1;2;7;9;23;40;15
25/10/2000;9;19;25;26;30;36;38
28/10/2000;10;13;28;29;30;32;35
01/11/2000;14;16;20;24;35;36;38
04/11/2000;13;18;20;23;24;42;5
08/11/2000;1;4;6;10;11;40;17
11/11/2000;1;9;11;14;36;42;34
15/11/2000;3;12;14;34;35;42;5
18/11/2000;12;16;18;32;33;41;37
22/11/2000;10;13;16;21;34;39;20
25/11/2000;3;4;7;9;24;42;15
29/11/2000;10;13;18;22;23;38;39
02/12/2000;6;17;18;30;32;40;8
06/12/2000;11;20;27;33;35;42;41
09/12/2000;7;11;14;18;31;35;32
13/12/2000;6;17;22;24;27;39;10
16/12/2000;4;12;16;32;36;41;39
20/12/2000;4;19;26;34;35;40;25
23/12/2000;4;8;28;35;39;41;17
27/12/2000;4;6;10;15;32;38;17
30/12/2000;11;12;19;21;29;31;38
03/01/2001;19;23;33;34;38;40;20
06/01/2001;1;6;28;35;38;39;24
10/01/2001;2;3;16;20;30;40;23
13/01/2001;5;9;16;30;31;42;14
17/01/2001;2;10;11;21;25;35;33
20/01/2001;3;4;16;25;28;39;26
24/01/2001;2;4;29;35;37;42;16
27/01/2001;1;4;8;11;30;36;7
31/01/2001;5;6;7;9;24;33;10
03/02/2001;22;23;24;26;35;42;38
07/02/2001;3;21;22;23;25;30;35
10/02/2001;9;12;13;19;28;37;3
14/02/2001;1;2;14;16;19;25;13
17/02/2001;2;7;15;17;21;34;32
21/02/2001;2;15;30;34;37;42;27
24/02/2001;2;13;28;29;30;42;31
28/02/2001;11;26;27;29;34;37;12
03/03/2001;6;8;10;14;16;33;39
07/03/2001;16;19;21;25;33;42;17
10/03/2001;7;9;20;34;35;41;6
14/03/2001;2;6;12;17;33;41;3
17/03/2001;6;11;14;15;38;41;32
21/03/2001;1;14;19;21;29;34;5
24/03/2001;6;8;18;23;30;32;25
28/03/2001;3;12;13;15;32;36;5
31/03/2001;1;9;21;23;24;39;29
04/04/2001;4;14;15;16;21;36;18
07/04/2001;7;15;16;30;31;36;18
11/04/2001;1;7;11;25;32;37;21
14/04/2001;7;16;18;21;30;33;14
18/04/2001;5;7;13;19;24;29;14
21/04/2001;3;19;33;34;40;42;26
25/04/2001;1;7;8;9;25;27;26
28/04/2001;1;4;15;17;27;29;7
02/05/2001;4;10;12;26;30;33;32
05/05/2001;13;16;31;33;37;40;39
09/05/2001;2;4;5;12;16;29;11
12/05/2001;16;20;30;35;36;37;25
16/05/2001;2;6;8;13;16;36;40
19/05/2001;2;16;19;29;34;37;9
23/05/2001;2;5;8;11;27;39;9
26/05/2001;10;15;20;30;31;36;28
30/05/2001;2;8;13;28;37;42;31
02/06/2001;7;10;16;18;26;27;34
06/06/2001;1;3;6;20;23;29;26
09/06/2001;7;11;13;18;29;30;3
13/06/2001;5;11;24;25;29;41;27
16/06/2001;2;5;6;28;36;42;29
20/06/2001;2;13;19;22;27;38;6
23/06/2001;1;9;10;33;35;41;37
27/06/2001;3;6;16;30;37;42;10
30/06/2001;5;23;25;30;32;37;15
04/07/2001;3;10;12;13;17;38;23
07/07/2001;5;8;9;28;30;40;37
11/07/2001;5;10;15;16;21;36;34
14/07/2001;2;3;10;29;39;41;40
18/07/2001;5;16;18;26;34;35;1
21/07/2001;4;5;7;17;25;41;34
25/07/2001;2;5;27;34;35;36;25
28/07/2001;15;16;25;26;36;40;7
01/08/2001;11;13;15;23;26;31;25
04/08/2001;1;12;21;23;25;30;35
08/08/2001;7;11;20;34;37;41;10
11/08/2001;7;16;24;25;29;41;40
15/08/2001;6;12;16;20;26;35;5
18/08/2001;12;26;28;31;34;37;5
22/08/2001;3;19;23;26;35;36;42
25/08/2001;4;6;8;13;18;19;37
29/08/2001;6;21;23;26;28;33;14
01/09/2001;2;11;15;22;36;41;38
05/09/2001;4;6;15;21;34;39;5
08/09/2001;11;15;22;23;32;36;29
12/09/2001;8;20;26;37;39;41;25
15/09/2001;12;27;28;34;35;42;11
19/09/2001;7;20;28;31;38;40;5
22/09/2001;19;24;25;29;36;40;4
26/09/2001;4;7;12;16;17;40;3
29/09/2001;5;20;24;26;29;30;8
03/10/2001;2;4;8;28;30;34;31
06/10/2001;6;10;16;26;28;32;13
10/10/2001;9;14;22;30;39;42;4
13/10/2001;3;6;19;26;29;35;20
17/10/2001;18;20;21;28;36;42;22
20/10/2001;1;8;25;27;29;36;17
24/10/2001;6;9;15;20;25;26;29
27/10/2001;5;7;9;19;26;42;28
31/10/2001;3;5;6;20;25;38;40
03/11/2001;3;6;8;12;29;30;17
07/11/2001;1;2;9;13;18;19;40
10/11/2001;3;9;21;25;31;35;32
14/11/2001;8;9;11;14;17;36;33
17/11/2001;2;8;20;25;30;41;9
21/11/2001;19;27;32;35;36;40;4
24/11/2001;5;10;13;26;29;36;30
28/11/2001;4;16;19;33;38;42;28
01/12/2001;8;23;31;34;36;38;7
05/12/2001;7;13;14;23;37;42;40
08/12/2001;1;2;12;20;21;32;23
12/12/2001;5;9;11;18;27;37;13
15/12/2001;24;26;34;40;41;42;31
19/12/2001;20;28;32;34;38;42;4
22/12/2001;20;25;28;30;37;42;36
26/12/2001;9;12;24;32;33;39;17
29/12/2001;9;13;14;31;34;42;26
02/01/2002;4;5;15;16;27;38;30
05/01/2002;13;15;19;22;32;35;25
09/01/2002;6;22;24;26;27;42;16
12/01/2002;6;11;22;24;25;27;5
16/01/2002;1;10;12;16;28;37;22
19/01/2002;2;3;6;36;38;42;23
23/01/2002;8;11;14;17;20;31;36
26/01/2002;2;7;11;12;25;26;5
30/01/2002;15;16;27;28;34;36;21
02/02/2002;2;13;17;26;35;38;22
06/02/2002;3;10;21;22;34;35;5
09/02/2002;6;9;21;22;25;39;32
13/02/2002;5;10;16;20;39;42;19
16/02/2002;5;7;11;23;37;41;28
20/02/2002;2;15;18;29;31;34;4
23/02/2002;13;18;23;28;35;37;4
27/02/2002;4;7;10;18;31;34;29
02/03/2002;1;12;15;21;33;41;36
06/03/2002;3;5;6;18;40;41;29
09/03/2002;2;8;9;11;21;30;24
13/03/2002;8;19;21;26;33;38;39
16/03/2002;1;5;14;15;27;30;31
20/03/2002;10;22;23;27;34;42;40
23/03/2002;4;10;14;19;37;42;36
27/03/2002;3;11;20;22;25;41;33
30/03/2002;14;15;30;31;32;39;7
03/04/2002;2;9;14;17;23;38;26
06/04/2002;1;3;14;26;29;38;22
10/04/2002;6;10;18;22;35;40;3
13/04/2002;3;9;27;34;40;41;10
17/04/2002;1;8;11;12;18;24;4
20/04/2002;7;10;12;23;26;30;13
24/04/2002;7;15;19;26;29;30;16
27/04/2002;8;18;20;23;27;42;3
01/05/2002;3;24;35;36;37;42;26
04/05/2002;1;3;9;18;30;32;39
08/05/2002;2;5;6;16;34;38;36
11/05/2002;4;19;20;22;24;32;40
15/05/2002;1;9;10;21;22;37;19
18/05/2002;1;7;10;23;38;39;6
22/05/2002;6;15;24;33;36;40;17
25/05/2002;1;6;8;25;30;42;40
29/05/2002;16;22;28;32;35;42;6
01/06/2002;3;4;9;17;27;29;6
05/06/2002;8;10;20;21;22;25;40
08/06/2002;1;5;10;17;18;25;20
12/06/2002;1;5;7;13;22;23;26
15/06/2002;1;2;16;32;33;42;19
19/06/2002;3;10;17;20;36;41;31
22/06/2002;1;19;27;37;40;42;5
26/06/2002;2;5;16;20;37;40;25
29/06/2002;6;18;19;27;35;37;8
03/07/2002;6;13;16;23;36;38;15
06/07/2002;7;14;25;26;28;35;2
10/07/2002;1;6;8;17;21;41;36
13/07/2002;3;14;19;29;32;38;22
17/07/2002;4;9;23;25;34;42;6
20/07/2002;9;12;17;21;34;35;37
24/07/2002;2;6;16;22;24;35;33
27/07/2002;2;4;13;23;25;28;14
31/07/2002;4;11;16;19;21;23;3
03/08/2002;1;22;29;36;38;40;30
07/08/2002;6;25;30;33;37;40;13
10/08/2002;2;3;6;12;20;38;42
14/08/2002;1;10;13;25;37;38;20
17/08/2002;3;5;14;28;40;41;1
21/08/2002;3;6;8;9;14;29;16
24/08/2002;10;19;28;31;38;39;20
28/08/2002;3;6;22;25;30;37;35
31/08/2002;5;7;12;18;27;31;11
04/09/2002;1;3;6;14;16;24;19
07/09/2002;8;10;12;13;28;31;17
11/09/2002;19;24;25;30;33;37;16
14/09/2002;4;5;14;15;17;30;29
18/09/2002;7;21;29;37;38;40;32
21/09/2002;1;7;20;27;28;38;11
25/09/2002;1;9;22;23;32;36;26
28/09/2002;2;12;13;16;24;42;14
02/10/2002;1;5;13;21;28;39;22
05/10/2002;3;8;20;24;29;35;10
09/10/2002;4;14;21;29;33;41;13
12/10/2002;4;19;22;24;25;33;1
16/10/2002;10;18;19;22;32;33;1
19/10/2002;8;20;25;31;35;42;27
23/10/2002;6;23;29;30;39;40;33
26/10/2002;2;11;25;31;32;42;15
30/10/2002;6;9;12;22;28;31;34
02/11/2002;10;13;14;21;27;32;23
06/11/2002;3;4;25;30;31;34;12
09/11/2002;8;13;14;29;34;37;38
13/11/2002;8;21;25;27;30;42;35
16/11/2002;1;4;8;13;24;39;22
20/11/2002;1;6;11;26;29;35;42
23/11/2002;1;5;9;11;16;34;39
27/11/2002;2;3;11;22;23;28;25
30/11/2002;3;7;10;11;14;33;37
04/12/2002;1;3;12;19;24;36;37
07/12/2002;1;3;10;18;27;29;2
11/12/2002;2;10;12;16;27;37;40
14/12/2002;6;7;13;14;17;25;1
18/12/2002;2;6;17;21;25;40;16
21/12/2002;1;8;12;26;29;42;27
25/12/2002;15;22;26;29;33;37;30
28/12/2002;9;14;25;31;33;38;36
01/01/2003;10;15;17;19;25;36;35
04/01/2003;25;32;33;36;39;41;7
08/01/2003;1;5;12;13;17;26;24
11/01/2003;18;22;26;33;35;40;30
15/01/2003;8;9;19;32;33;41;25
18/01/2003;2;5;8;12;30;33;14
22/01/2003;6;12;16;17;23;34;35
25/01/2003;7;14;23;25;35;38;15
29/01/2003;3;4;9;10;35;39;2
01/02/2003;8;10;17;21;22;36;30
05/02/2003;7;16;28;29;33;38;13
08/02/2003;1;19;25;28;34;38;20
12/02/2003;5;21;24;29;33;41;38
15/02/2003;1;5;19;24;34;38;16
19/02/2003;10;14;20;22;23;26;28
22/02/2003;8;16;20;22;34;41;13
26/02/2003;4;5;9;20;33;41;15
01/03/2003;2;4;17;23;34;42;12
05/03/2003;10;17;22;27;32;36;34
08/03/2003;2;6;10;28;29;34;40
12/03/2003;7;13;16;22;28;41;10
15/03/2003;5;8;12;22;31;38;39
19/03/2003;10;23;25;26;33;38;40
22/03/2003;4;11;13;24;34;37;19
26/03/2003;7;8;10;12;29;38;41
29/03/2003;4;8;17;26;28;34;33
02/04/2003;16;25;26;28;38;42;31
05/04/2003;3;4;16;20;36;39;27
09/04/2003;3;10;20;30;41;42;21
12/04/2003;6;10;13;22;26;30;23
16/04/2003;6;7;18;33;38;42;39
19/04/2003;7;22;29;34;36;38;1
23/04/2003;1;20;25;26;30;35;29
26/04/2003;6;8;10;21;27;34;19
30/04/2003;16;17;23;24;29;30;7
03/05/2003;9;15;25;31;32;38;12
07/05/2003;2;8;21;24;36;37;32
10/05/2003;1;11;13;20;30;42;23
14/05/2003;3;9;14;18;27;42;7
17/05/2003;6;7;17;21;32;41;39
21/05/2003;4;17;23;27;28;35;16
24/05/2003;14;15;24;25;30;36;42
28/05/2003;12;14;15;20;30;38;29
31/05/2003;20;32;34;35;37;41;23
04/06/2003;8;11;16;25;28;42;39
07/06/2003;5;14;16;24;26;42;13
11/06/2003;24;29;32;33;40;42;26
14/06/2003;5;8;19;27;32;35;4
18/06/2003;1;5;12;15;27;41;31
21/06/2003;1;10;14;23;36;40;15
25/06/2003;11;14;17;25;39;41;12
28/06/2003;4;15;16;28;31;38;35
02/07/2003;2;15;27;32;39;41;14
05/07/2003;1;18;26;28;41;42;38
09/07/2003;8;19;24;37;38;40;23
12/07/2003;10;12;28;33;34;41;18
16/07/2003;3;7;11;13;15;29;24
19/07/2003;4;21;23;27;34;38;29
23/07/2003;2;28;30;36;37;42;5
26/07/2003;8;22;27;30;35;38;29
30/07/2003;5;6;9;25;30;41;21
02/08/2003;4;7;12;35;40;42;16
06/08/2003;4;21;22;28;29;35;6
09/08/2003;1;16;23;25;32;38;29
13/08/2003;18;25;26;29;37;41;22
16/08/2003;6;7;18;23;25;36;30
20/08/2003;19;21;26;33;38;39;28
23/08/2003;15;21;22;25;36;41;17
27/08/2003;3;4;14;15;35;41;38
30/08/2003;9;21;29;34;38;42;20
03/09/2003;13;24;26;27;30;38;8
06/09/2003;2;19;20;30;33;37;6
10/09/2003;4;5;13;14;16;38;29
13/09/2003;5;6;14;19;25;29;23
17/09/2003;1;5;6;10;11;17;24
20/09/2003;4;5;10;14;17;34;12
24/09/2003;7;8;20;22;25;38;36
27/09/2003;1;3;4;18;38;40;21
01/10/2003;5;10;16;25;34;37;21
04/10/2003;2;6;10;19;27;28;23
08/10/2003;3;16;20;21;31;36;22
11/10/2003;6;19;26;27;34;37;11
15/10/2003;8;12;25;26;29;39;18
18/10/2003;3;8;9;13;24;37;36
22/10/2003;3;5;8;22;32;35;29
25/10/2003;8;15;19;20;33;39;41
29/10/2003;3;6;13;19;22;26;17
01/11/2003;5;13;23;24;34;40;7
05/11/2003;1;4;12;19;26;42;5
08/11/2003;4;7;12;18;19;30;42
12/11/2003;3;6;14;30;35;38;1
15/11/2003;1;14;16;21;29;39;2
19/11/2003;6;7;12;16;37;41;17
22/11/2003;2;11;14;17;24;27;40
26/11/2003;11;16;19;20;33;42;40
29/11/2003;8;9;11;19;34;37;41
03/12/2003;5;10;12;15;23;30;4
06/12/2003;7;9;10;12;16;39;26
10/12/2003;8;12;24;26;28;42;35
13/12/2003;3;8;22;38;39;41;9
17/12/2003;1;8;27;35;36;38;29
20/12/2003;1;5;10;15;23;29;19
24/12/2003;6;7;11;18;37;38;21
27/12/2003;17;25;27;31;36;41;29
31/12/2003;2;5;12;16;40;42;6
03/01/2004;2;5;13;21;29;33;35
07/01/2004;4;8;22;23;37;39;17
10/01/2004;8;13;24;30;36;38;5
14/01/2004;18;21;24;28;32;35;39
17/01/2004;4;9;11;19;28;31;18
21/01/2004;5;14;17;27;30;42;9
24/01/2004;12;17;33;38;39;40;36
28/01/2004;1;3;9;11;21;26;8
31/01/2004;6;16;22;23;33;35;2
04/02/2004;2;4;6;8;12;23;34
07/02/2004;10;19;22;23;25;27;5
11/02/2004;1;10;18;22;23;37;2
14/02/2004;1;11;14;18;19;28;6
18/02/2004;5;7;11;23;32;39;28
21/02/2004;2;3;13;27;28;42;34
25/02/2004;7;28;31;32;33;37;6
28/02/2004;10;18;22;29;31;40;5
03/03/2004;15;19;23;28;37;38;35
06/03/2004;7;13;15;22;27;36;4
10/03/2004;3;4;7;20;36;40;5
13/03/2004;10;19;25;30;37;41;36
17/03/2004;10;17;22;24;34;42;19
20/03/2004;3;7;14;20;21;24;12
24/03/2004;3;16;21;25;26;39;29
27/03/2004;2;10;18;20;39;41;30
31/03/2004;13;19;20;22;26;28;6
03/04/2004;15;17;19;24;35;42;1
07/04/2004;10;21;23;26;31;33;19
10/04/2004;7;11;25;26;35;39;32
14/04/2004;16;23;24;36;39;41;42
17/04/2004;6;8;21;22;28;40;39
21/04/2004;4;16;20;25;26;27;36
24/04/2004;4;26;36;37;38;41;6
28/04/2004;2;8;9;15;35;41;25
01/05/2004;11;21;26;28;29;32;5
05/05/2004;2;5;11;18;39;41;10
08/05/2004;2;5;7;19;26;31;30
12/05/2004;14;25;31;35;36;41;39
15/05/2004;16;21;22;29;33;40;37
19/05/2004;10;18;23;25;28;29;5
22/05/2004;3;9;11;22;23;24;42
26/05/2004;1;8;17;21;30;37;9
29/05/2004;9;23;32;35;36;37;6
02/06/2004;20;30;31;34;36;37;41
05/06/2004;10;13;14;15;33;40;26
09/06/2004;4;5;8;21;27;36;13
12/06/2004;2;13;15;23;32;37;17
16/06/2004;2;5;16;33;37;41;4
19/06/2004;4;16;22;23;30;36;3
23/06/2004;1;5;10;13;16;34;41
26/06/2004;2;7;16;22;25;33;13
30/06/2004;5;12;16;19;23;27;42
03/07/2004;2;3;10;18;21;22;5
07/07/2004;8;13;16;20;22;32;5
10/07/2004;4;11;19;24;32;42;39
14/07/2004;3;7;8;9;16;41;15
17/07/2004;17;27;28;33;36;38;40
21/07/2004;3;21;23;30;33;39;20
24/07/2004;4;18;25;26;32;37;27
28/07/2004;6;15;23;28;35;39;13
31/07/2004;2;12;18;25;39;41;19
04/08/2004;10;13;21;23;24;31;4
07/08/2004;1;2;8;11;20;40;22
11/08/2004;7;11;33;34;35;39;37
14/08/2004;1;3;14;20;21;22;9
18/08/2004;3;21;22;32;37;38;5
21/08/2004;1;12;22;24;36;42;38
25/08/2004;11;12;27;28;38;41;36
28/08/2004;3;4;18;26;31;36;5
01/09/2004;3;5;18;19;36;41;26
04/09/2004;9;13;17;24;29;40;42
08/09/2004;2;6;13;15;24;35;34
11/09/2004;1;9;13;23;27;33;35
15/09/2004;2;24;29;35;37;39;26
18/09/2004;10;12;24;27;30;42;35
22/09/2004;3;9;14;17;34;37;36
25/09/2004;5;10;18;20;30;38;42
29/09/2004;1;9;20;27;33;42;3
02/10/2004;7;9;19;20;21;38;40
06/10/2004;2;4;6;28;34;38;5
09/10/2004;5;9;11;15;18;41;4
13/10/2004;3;13;14;23;25;40;22
16/10/2004;13;19;24;25;33;37;20
20/10/2004;3;16;17;18;27;38;6
23/10/2004;7;11;28;29;30;40;13
27/10/2004;2;13;21;28;38;40;25
30/10/2004;2;3;18;25;29;31;30
03/11/2004;7;8;13;30;33;41;19
06/11/2004;2;5;12;20;24;34;42
10/11/2004;14;17;19;28;31;41;20
13/11/2004;5;7;23;24;29;39;3
17/11/2004;2;5;19;20;22;29;1
20/11/2004;12;13;14;22;24;42;7
24/11/2004;6;7;14;28;35;41;36
27/11/2004;7;13;23;24;25;42;3
01/12/2004;5;7;10;11;13;20;30
04/12/2004;7;13;20;22;28;35;17
08/12/2004;20;28;32;37;40;41;25
11/12/2004;3;5;12;31;35;36;11
15/12/2004;10;13;23;28;34;37;3
18/12/2004;5;7;13;24;27;28;10
22/12/2004;7;28;30;32;37;42;2
25/12/2004;2;7;16;17;26;37;9
29/12/2004;5;7;8;16;38;39;18
01/01/2005;19;23;26;27;34;39;31
05/01/2005;11;13;21;26;31;39;24
08/01/2005;7;8;25;30;31;36;11
12/01/2005;3;17;23;31;37;42;5
15/01/2005;3;13;16;26;37;42;29
19/01/2005;7;12;13;18;23;41;19
22/01/2005;9;15;19;23;26;39;4
26/01/2005;9;10;23;31;35;41;37
29/01/2005;2;5;32;36;38;42;41
02/02/2005;4;14;18;21;24;37;9
05/02/2005;8;19;20;23;33;38;16
09/02/2005;5;12;15;19;24;31;29
12/02/2005;5;23;24;35;38;40;37
16/02/2005;1;3;15;25;39;41;40
19/02/2005;6;7;9;10;19;40;8
23/02/2005;7;9;17;22;29;31;13
26/02/2005;1;12;13;21;39;42;4
02/03/2005;14;18;24;34;36;38;1
05/03/2005;9;10;18;28;30;39;16
09/03/2005;5;9;22;33;34;38;35
12/03/2005;4;6;8;19;30;36;10
16/03/2005;17;18;25;27;28;30;9
19/03/2005;8;12;16;17;22;32;29
23/03/2005;1;3;9;10;23;30;8
26/03/2005;1;7;16;23;29;40;18
30/03/2005;9;15;19;26;30;31;28
02/04/2005;3;4;14;22;35;36;32
06/04/2005;7;16;28;33;35;40;3
09/04/2005;11;26;33;35;36;40;6
13/04/2005;6;18;19;21;25;31;20
16/04/2005;21;23;29;34;36;38;25
20/04/2005;12;17;22;30;32;36;18
23/04/2005;13;22;29;30;37;42;27
27/04/2005;7;10;14;24;34;38;4
30/04/2005;14;19;31;33;36;40;39
04/05/2005;2;3;26;34;38;39;12
07/05/2005;7;12;18;25;27;36;2
11/05/2005;5;6;16;23;29;34;15
14/05/2005;2;6;23;26;38;42;27
18/05/2005;3;12;18;23;28;41;39
21/05/2005;12;14;26;28;36;41;6
25/05/2005;7;23;28;35;41;42;17
28/05/2005;4;21;29;36;40;42;10
01/06/2005;5;12;15;22;25;29;11
04/06/2005;5;6;22;25;28;40;26
08/06/2005;2;11;12;15;28;34;14
11/06/2005;10;14;15;16;25;39;36
15/06/2005;17;20;29;31;35;38;23
18/06/2005;2;12;14;19;29;34;38
22/06/2005;11;17;19;23;29;31;39
25/06/2005;1;13;21;26;38;42;29
29/06/2005;9;26;33;34;40;41;4
02/07/2005;1;4;8;16;25;33;26
06/07/2005;1;15;17;21;27;41;24
09/07/2005;6;15;16;24;28;41;7
13/07/2005;1;11;12;17;31;37;27
16/07/2005;3;12;13;21;30;40;1
20/07/2005;1;3;17;28;33;41;30
23/07/2005;16;22;24;26;34;35;17
27/07/2005;7;26;29;33;36;37;40
30/07/2005;5;8;14;20;34;38;7
03/08/2005;3;12;21;27;31;39;30
06/08/2005;13;25;29;35;38;42;32
10/08/2005;5;21;26;29;38;42;9
13/08/2005;12;26;28;32;36;42;16
17/08/2005;1;14;15;17;41;42;37
20/08/2005;1;24;27;35;39;42;6
24/08/2005;9;15;30;33;39;41;16
27/08/2005;1;4;14;19;23;25;29
31/08/2005;3;19;28;29;35;41;2
03/09/2005;11;15;18;27;29;36;40
07/09/2005;7;23;24;28;30;37;1
10/09/2005;12;15;23;29;35;37;22
14/09/2005;4;13;15;33;35;36;8
17/09/2005;9;21;23;25;41;42;10
21/09/2005;4;10;19;20;34;37;32
24/09/2005;2;19;31;35;36;42;24
28/09/2005;3;11;12;19;28;35;38
01/10/2005;1;5;6;27;31;32;38
05/10/2005;1;24;34;35;37;41;12
08/10/2005;15;25;26;29;39;41;36
12/10/2005;3;14;19;22;28;34;33
15/10/2005;12;15;16;21;38;40;6
19/10/2005;1;11;18;19;31;38;7
22/10/2005;2;8;20;26;35;42;7
26/10/2005;2;6;21;26;32;33;23
29/10/2005;1;7;10;15;25;34;19
02/11/2005;2;5;7;14;16;20;40
05/11/2005;3;18;19;23;25;37;6
09/11/2005;3;9;15;17;22;39;4
12/11/2005;5;17;18;19;34;39;2
16/11/2005;11;13;16;19;28;42;35
19/11/2005;20;21;26;29;35;41;9
23/11/2005;14;18;26;34;37;42;33
26/11/2005;12;17;19;22;36;40;7
30/11/2005;3;5;11;19;28;32;4
03/12/2005;7;9;23;29;36;39;10
07/12/2005;9;13;17;18;22;28;12
10/12/2005;16;34;35;37;39;42;25
14/12/2005;7;12;17;18;29;35;25
17/12/2005;9;17;32;36;37;42;1
21/12/2005;4;19;20;28;30;39;33
24/12/2005;10;17;32;34;35;38;19
28/12/2005;7;11;12;33;35;37;19
31/12/2005;5;13;23;30;31;33;27
04/01/2006;2;5;10;11;28;36;1
07/01/2006;5;10;20;32;33;42;15
11/01/2006;5;16;19;22;25;42;11
14/01/2006;5;10;18;21;23;39;42
18/01/2006;3;15;22;32;37;41;34
21/01/2006;5;9;13;24;35;38;41
25/01/2006;4;12;20;33;39;40;7
28/01/2006;2;22;23;26;28;31;3
01/02/2006;1;4;13;14;17;27;29
04/02/2006;3;10;12;14;22;29;42
08/02/2006;15;17;18;30;38;41;3
11/02/2006;6;13;17;18;26;38;10
15/02/2006;3;10;18;32;39;40;15
18/02/2006;5;13;19;29;35;37;27
22/02/2006;2;4;9;12;14;38;24
25/02/2006;21;25;30;33;35;38;10
01/03/2006;1;3;7;17;19;34;6
04/03/2006;7;12;17;19;20;24;5
08/03/2006;2;14;19;25;35;39;20
11/03/2006;2;8;15;19;22;36;39
15/03/2006;7;21;24;29;31;40;42
18/03/2006;19;26;29;30;31;34;20
22/03/2006;15;22;24;25;37;42;13
25/03/2006;20;22;23;26;28;40;9
29/03/2006;10;17;22;31;32;38;3
01/04/2006;14;22;27;34;37;42;20
05/04/2006;9;12;19;23;27;31;33
08/04/2006;9;16;17;19;29;40;42
12/04/2006;21;22;26;30;39;40;31
15/04/2006;2;11;14;28;36;37;17
19/04/2006;2;7;11;12;30;40;42
22/04/2006;7;8;13;17;18;26;32
26/04/2006;14;15;16;17;28;30;26
29/04/2006;1;3;6;15;29;34;22
03/05/2006;6;9;10;27;28;30;5
06/05/2006;11;18;22;32;37;39;1
10/05/2006;2;12;13;16;38;41;24
13/05/2006;1;2;17;18;24;28;12
17/05/2006;1;3;7;8;28;29;24
20/05/2006;7;10;14;20;27;32;23
24/05/2006;2;6;11;14;22;30;39
27/05/2006;4;7;21;22;23;25;24
31/05/2006;9;14;16;19;31;35;33
03/06/2006;3;12;26;27;29;35;16
07/06/2006;1;3;9;21;39;42;25
10/06/2006;6;9;18;19;31;40;14
14/06/2006;8;11;15;23;26;32;37
17/06/2006;1;3;5;13;27;29;12
21/06/2006;5;18;19;24;26;28;34
24/06/2006;9;12;23;34;40;42;37
28/06/2006;1;6;23;32;36;40;3
01/07/2006;5;8;15;17;30;42;35
05/07/2006;17;23;34;37;39;41;9
08/07/2006;8;15;19;22;23;40;36
12/07/2006;1;13;15;26;31;40;25
15/07/2006;3;12;28;30;34;40;10
19/07/2006;1;8;10;16;24;28;4
22/07/2006;18;29;31;32;35;37;16
26/07/2006;10;13;14;20;27;41;8
29/07/2006;1;13;14;16;21;22;3
02/08/2006;13;14;22;31;34;37;1
05/08/2006;3;9;20;31;40;42;16
09/08/2006;7;11;12;13;16;29;22
12/08/2006;1;7;17;19;29;34;12
16/08/2006;6;17;22;34;40;42;37
19/08/2006;16;27;31;33;34;36;18
23/08/2006;2;18;21;31;32;41;30
26/08/2006;2;19;23;26;27;37;9
30/08/2006;9;11;19;25;41;42;38
02/09/2006;1;9;15;16;38;40;7
06/09/2006;20;21;23;24;27;34;5
09/09/2006;2;12;15;16;20;35;13
13/09/2006;1;3;4;10;11;32;21
16/09/2006;12;19;22;30;39;40;13
20/09/2006;10;16;21;22;24;33;12
23/09/2006;4;5;13;18;34;41;37
27/09/2006;2;11;12;16;23;29;14
30/09/2006;7;9;13;27;36;41;14
04/10/2006;2;6;9;11;40;41;8
07/10/2006;3;9;17;25;27;31;30
11/10/2006;10;23;27;31;35;39;17
14/10/2006;5;10;11;26;34;41;33
18/10/2006;1;6;10;12;23;38;26
21/10/2006;2;6;25;28;34;36;22
25/10/2006;5;7;9;27;29;32;23
28/10/2006;2;18;33;36;38;39;1
01/11/2006;9;13;15;19;23;30;25
04/11/2006;3;7;27;36;37;42;9
08/11/2006;2;11;19;25;32;37;30
11/11/2006;2;13;16;23;27;40;42
15/11/2006;4;19;20;22;38;39;11
18/11/2006;1;12;16;21;27;40;4
22/11/2006;7;8;18;27;35;42;22
25/11/2006;8;26;33;34;37;42;39
29/11/2006;12;13;24;30;40;41;22
02/12/2006;2;9;13;25;26;27;6
06/12/2006;3;4;22;24;33;35;8
09/12/2006;9;16;20;28;30;39;26
13/12/2006;9;11;16;22;30;39;5
16/12/2006;3;6;7;30;32;41;20
20/12/2006;17;23;32;36;38;41;37
23/12/2006;1;13;23;30;31;41;32
27/12/2006;4;5;6;16;19;26;37
30/12/2006;6;8;22;25;32;42;28
03/01/2007;17;18;19;22;26;27;13
06/01/2007;6;10;11;21;24;37;15
10/01/2007;4;8;20;28;39;40;2
13/01/2007;7;11;31;34;35;37;17
17/01/2007;5;10;20;22;28;31;19
20/01/2007;9;10;26;27;33;40;37
24/01/2007;2;4;10;22;28;34;36
27/01/2007;6;18;19;24;25;29;2
31/01/2007;3;7;14;38;39;41;11
03/02/2007;4;8;13;31;38;41;29
07/02/2007;11;14;15;28;33;40;17
10/02/2007;12;24;25;32;34;41;36
14/02/2007;10;11;13;22;36;40;4
17/02/2007;9;10;24;26;31;34;4
21/02/2007;3;4;8;18;33;42;19
24/02/2007;2;9;11;19;30;33;20
28/02/2007;4;16;18;21;22;33;5
03/03/2007;9;13;22;28;38;41;3
07/03/2007;5;10;11;15;24;35;19
10/03/2007;2;3;8;33;34;36;5
14/03/2007;2;32;33;34;41;42;15
17/03/2007;2;3;6;10;31;38;8
21/03/2007;6;9;22;25;26;42;19
24/03/2007;13;19;27;28;39;40;16
28/03/2007;5;31;32;34;35;38;27
31/03/2007;4;10;29;37;38;42;22
04/04/2007;6;7;11;13;25;40;1
07/04/2007;22;23;27;31;39;40;4
11/04/2007;16;21;25;29;38;40;23
14/04/2007;3;6;13;27;34;41;31
18/04/2007;5;16;17;26;38;40;28
21/04/2007;6;11;19;26;27;28;3
25/04/2007;3;12;13;22;37;38;2
28/04/2007;16;23;25;29;38;39;2
02/05/2007;5;15;22;26;33;36;31
05/05/2007;6;20;22;26;27;28;33
09/05/2007;10;25;33;37;38;39;19
12/05/2007;4;13;22;27;35;42;7
16/05/2007;12;13;22;31;33;42;17
19/05/2007;5;8;13;19;25;27;6
23/05/2007;2;24;28;29;35;37;23
26/05/2007;4;13;15;34;36;37;7
30/05/2007;17;18;19;22;35;36;1
02/06/2007;5;6;8;13;32;38;26
06/06/2007;1;15;17;19;27;37;16
09/06/2007;3;16;20;31;32;33;29
13/06/2007;15;18;26;31;35;37;12
16/06/2007;20;21;22;23;24;42;31
20/06/2007;3;7;9;14;18;22;27
23/06/2007;4;6;10;26;28;30;22
27/06/2007;7;20;25;27;33;42;2
30/06/2007;2;15;23;33;38;40;24
04/07/2007;1;4;8;17;22;26;13
07/07/2007;5;6;9;11;21;35;12
11/07/2007;3;9;20;24;36;39;34
14/07/2007;1;5;10;13;40;41;21
18/07/2007;2;12;18;19;35;38;23
21/07/2007;5;9;10;17;18;25;39
25/07/2007;2;11;12;14;27;28;26
28/07/2007;6;7;27;34;35;40;21
01/08/2007;2;4;11;29;31;38;14
04/08/2007;1;3;7;10;32;39;18
08/08/2007;7;8;10;31;34;37;16
11/08/2007;2;18;31;33;36;39;21
15/08/2007;15;31;34;36;38;39;37
18/08/2007;4;6;21;23;34;39;7
22/08/2007;3;5;10;23;32;42;4
25/08/2007;11;16;31;38;39;40;36
29/08/2007;11;18;19;32;40;41;1
01/09/2007;8;13;17;32;33;42;26
05/09/2007;3;4;12;15;34;41;22
08/09/2007;2;9;14;26;29;33;20
12/09/2007;2;3;12;17;22;23;11
15/09/2007;6;8;13;15;29;32;41
19/09/2007;15;17;27;31;39;41;3
22/09/2007;8;20;28;29;34;35;5
26/09/2007;3;4;18;23;32;33;16
29/09/2007;1;6;15;22;28;29;21
03/10/2007;2;4;12;14;20;26;34
06/10/2007;2;5;23;25;30;42;40
10/10/2007;11;16;18;29;31;34;40
13/10/2007;6;12;15;32;34;40;30
17/10/2007;20;29;35;36;39;40;30
20/10/2007;3;5;10;21;34;41;29
24/10/2007;4;11;21;35;36;38;19
27/10/2007;5;7;15;36;37;38;13
31/10/2007;1;7;24;30;31;35;39
03/11/2007;2;13;25;35;38;40;3
07/11/2007;6;9;16;25;34;39;23
10/11/2007;2;4;10;18;39;40;23
14/11/2007;2;14;17;18;23;41;13
17/11/2007;4;20;23;30;33;37;11
21/11/2007;4;8;11;24;26;41;3
24/11/2007;16;22;26;32;33;40;24
28/11/2007;8;10;15;22;37;38;30
01/12/2007;2;5;19;28;32;35;17
05/12/2007;2;4;5;28;37;42;38
08/12/2007;2;10;19;26;38;41;32
12/12/2007;13;15;20;24;25;42;16
15/12/2007;6;8;20;22;29;38;24
19/12/2007;2;12;16;20;33;38;35
22/12/2007;7;11;21;22;28;40;24
26/12/2007;2;4;9;13;22;27;33
29/12/2007;16;22;25;26;29;39;21
02/01/2008;3;11;15;18;26;29;13
05/01/2008;3;10;25;37;40;42;33
09/01/2008;11;12;14;20;30;36;23
12/01/2008;16;17;30;31;38;40;5
16/01/2008;13;17;23;28;29;37;21
19/01/2008;2;14;20;21;23;26;24
23/01/2008;6;14;19;26;39;41;30
26/01/2008;9;11;13;20;24;38;7
30/01/2008;1;5;11;29;33;36;25
02/02/2008;14;27;32;33;37;41;20
06/02/2008;3;6;7;12;13;15;38
09/02/2008;6;11;13;27;31;32;23
13/02/2008;9;13;16;26;27;42;1
16/02/2008;4;11;17;21;30;36;41
20/02/2008;6;8;11;12;27;40;26
23/02/2008;2;14;35;39;41;42;12
27/02/2008;1;3;16;17;22;28;27
01/03/2008;6;12;16;17;18;22;10
05/03/2008;9;25;31;32;35;36;12
08/03/2008;6;8;13;30;37;42;12
12/03/2008;17;18;20;25;30;37;22
15/03/2008;4;6;9;13;18;28;2
19/03/2008;2;7;21;26;29;40;15
22/03/2008;5;8;12;15;19;39;23
26/03/2008;2;30;33;38;39;40;29
29/03/2008;13;15;31;35;37;38;27
02/04/2008;4;10;12;14;29;33;42
05/04/2008;8;11;13;21;27;39;7
09/04/2008;3;5;19;21;24;41;22
12/04/2008;3;7;8;21;28;32;36
16/04/2008;1;14;16;23;34;38;39
19/04/2008;6;10;12;13;14;36;25
23/04/2008;1;8;10;22;39;40;23
26/04/2008;16;22;23;27;29;36;38
30/04/2008;7;33;36;38;41;42;14
03/05/2008;9;15;19;20;34;35;12
07/05/2008;8;9;18;35;37;40;24
10/05/2008;12;19;33;36;39;41;22
14/05/2008;3;15;21;28;36;39;6
17/05/2008;8;13;24;28;30;41;36
21/05/2008;16;23;30;35;38;39;20
24/05/2008;5;7;23;26;29;32;16
28/05/2008;5;6;13;14;20;39;15
31/05/2008;3;16;23;24;39;41;22
04/06/2008;3;9;11;26;40;41;13
07/06/2008;4;5;13;18;25;38;30
11/06/2008;4;12;23;35;38;40;19
14/06/2008;1;11;23;24;31;35;41
18/06/2008;3;12;18;20;35;41;34
21/06/2008;1;3;4;9;22;31;40
25/06/2008;6;11;14;15;25;35;30
28/06/2008;2;4;5;7;17;38;11
02/07/2008;8;10;11;12;33;38;20
05/07/2008;2;5;6;9;11;13;12
09/07/2008;1;2;22;24;29;35;19
12/07/2008;5;12;20;23;32;39;25
16/07/2008;5;21;23;29;39;42;2
19/07/2008;1;5;6;17;25;28;34
23/07/2008;9;19;23;26;29;42;5
26/07/2008;7;16;21;27;30;31;6
30/07/2008;11;13;14;18;37;42;1
02/08/2008;2;11;14;27;29;33;32
06/08/2008;1;4;23;27;29;37;20
09/08/2008;10;12;15;27;36;42;11
13/08/2008;7;16;18;22;34;39;14
16/08/2008;6;7;16;21;26;31;41
20/08/2008;7;18;33;35;38;39;34
23/08/2008;1;11;17;33;34;39;23
27/08/2008;15;18;20;23;24;31;34
30/08/2008;2;3;8;16;19;32;40
03/09/2008;1;12;17;25;37;38;23
06/09/2008;3;12;21;28;36;40;30
10/09/2008;8;9;17;20;22;42;4
13/09/2008;3;4;20;22;27;42;10
17/09/2008;16;29;32;38;40;42;27
20/09/2008;2;5;12;22;23;37;6
24/09/2008;1;4;9;10;27;42;24
27/09/2008;13;23;27;29;33;40;28
01/10/2008;10;13;32;33;36;39;6
04/10/2008;7;10;12;16;40;41;2
08/10/2008;7;19;23;27;35;37;1
11/10/2008;3;18;21;25;36;42;28
15/10/2008;6;7;8;26;33;36;21
18/10/2008;12;16;18;23;30;36;17
22/10/2008;6;8;15;22;26;34;9
25/10/2008;7;8;11;16;28;30;3
29/10/2008;3;5;11;26;33;39;19
01/11/2008;4;19;22;24;27;41;40
05/11/2008;9;23;26;33;34;35;2
08/11/2008;5;8;15;18;35;41;12
12/11/2008;2;6;7;11;24;33;41
15/11/2008;3;9;10;14;21;29;36
19/11/2008;10;16;19;26;32;37;22
22/11/2008;27;28;29;31;36;41;39
26/11/2008;5;13;14;21;36;42;32
29/11/2008;7;23;27;31;33;38;41
03/12/2008;3;10;24;25;28;31;1
06/12/2008;5;12;13;18;28;32;6
10/12/2008;1;7;12;18;19;32;37
13/12/2008;6;12;13;24;34;41;15
17/12/2008;6;10;21;22;29;39;34
20/12/2008;18;22;28;31;33;36;5
24/12/2008;5;8;11;15;36;37;17
27/12/2008;7;8;11;12;19;25;4
31/12/2008;12;24;27;28;36;42;10
03/01/2009;6;19;22;24;33;34;4
07/01/2009;13;16;19;28;30;37;41
10/01/2009;6;17;22;24;38;39;26
14/01/2009;7;11;12;14;21;24;25
17/01/2009;8;12;21;28;32;36;34
21/01/2009;12;20;22;30;33;34;5
24/01/2009;17;18;19;23;36;37;20
28/01/2009;15;19;20;22;33;34;31
31/01/2009;5;18;20;34;36;42;41
04/02/2009;7;8;17;22;23;35;27
07/02/2009;2;5;8;10;16;20;30
11/02/2009;2;6;12;14;15;40;20
14/02/2009;21;22;28;31;33;42;7
18/02/2009;14;16;18;25;35;37;38
21/02/2009;8;12;19;27;33;38;24
25/02/2009;4;8;14;19;23;33;9
28/02/2009;7;8;23;29;33;41;17
04/03/2009;3;7;25;29;36;39;23
07/03/2009;22;25;27;28;34;37;23
11/03/2009;1;2;26;31;32;36;24
14/03/2009;6;15;23;24;29;30;1
18/03/2009;9;18;19;25;27;39;17
21/03/2009;4;5;7;20;28;39;8
25/03/2009;1;5;6;7;15;32;31
28/03/2009;7;9;10;11;28;34;4
01/04/2009;8;11;12;17;27;32;41
04/04/2009;3;10;17;28;37;38;1
08/04/2009;5;6;11;15;21;24;13
11/04/2009;3;5;8;19;30;33;7
15/04/2009;19;25;26;30;39;40;14
18/04/2009;2;5;11;15;31;40;29
22/04/2009;11;20;25;27;28;29;3
25/04/2009;7;12;14;19;25;28;24
29/04/2009;5;7;20;22;25;42;24
02/05/2009;8;14;19;20;32;42;6
06/05/2009;10;12;22;28;29;36;21
09/05/2009;7;8;20;21;33;41;30
13/05/2009;2;15;28;30;31;38;21
16/05/2009;4;5;6;17;19;31;34
20/05/2009;15;17;21;31;33;40;19
23/05/2009;17;18;28;29;31;36;38
27/05/2009;8;16;25;29;37;40;31
30/05/2009;5;12;24;27;28;40;26
03/06/2009;3;6;23;25;32;41;8
06/06/2009;5;7;9;13;20;22;36
10/06/2009;1;22;24;28;29;39;8
13/06/2009;1;5;6;10;21;36;25
17/06/2009;4;12;18;20;26;33;2
20/06/2009;10;22;24;26;27;37;16
24/06/2009;10;11;17;22;24;35;38
27/06/2009;3;4;13;14;31;32;8
01/07/2009;5;6;12;13;14;33;19
04/07/2009;1;6;8;26;38;40;24
08/07/2009;1;4;7;13;39;40;42
11/07/2009;5;9;14;22;28;42;13
15/07/2009;16;19;28;33;38;42;39
18/07/2009;1;8;10;12;24;41;23
22/07/2009;8;10;19;31;38;42;30
25/07/2009;5;7;16;20;22;35;24
29/07/2009;11;12;24;32;39;40;15
01/08/2009;11;16;24;35;36;38;42
05/08/2009;2;20;23;26;28;39;27
08/08/2009;2;4;11;23;37;40;35
12/08/2009;10;24;28;29;35;42;18
15/08/2009;4;6;8;14;20;38;2
19/08/2009;3;15;18;22;33;38;30
22/08/2009;8;12;16;23;33;41;38
26/08/2009;1;21;26;28;39;42;33
29/08/2009;2;4;21;23;25;31;33
02/09/2009;4;7;24;28;31;34;6
05/09/2009;1;2;3;17;28;30;12
09/09/2009;5;15;16;21;24;27;25
12/09/2009;1;10;12;16;25;29;14
16/09/2009;5;11;14;31;33;41;22
19/09/2009;5;7;9;30;40;41;20
23/09/2009;1;2;3;9;11;42;22
26/09/2009;15;18;21;22;34;39;8
30/09/2009;17;22;28;29;36;42;16
03/10/2009;1;4;6;12;14;22;21
07/10/2009;12;17;22;27;33;41;18
10/10/2009;2;18;25;27;32;40;19
14/10/2009;7;9;21;27;29;39;14
17/10/2009;5;13;18;30;32;33;23
21/10/2009;11;12;16;22;25;41;23
24/10/2009;9;11;14;22;29;33;6
28/10/2009;1;4;5;16;27;31;33
31/10/2009;2;13;17;19;29;30;33
04/11/2009;7;13;21;22;24;25;6
07/11/2009;9;20;26;27;38;41;32
11/11/2009;7;18;22;32;38;42;24
14/11/2009;9;11;18;23;33;42;32
18/11/2009;1;7;16;20;37;40;22
21/11/2009;15;21;28;30;31;32;41
25/11/2009;5;6;10;14;28;41;23
28/11/2009;10;16;27;31;35;38;24
02/12/2009;4;30;38;39;40;41;17
05/12/2009;4;8;10;16;35;36;9
09/12/2009;3;12;14;27;28;29;39
12/12/2009;16;28;30;31;34;41;22
16/12/2009;21;28;38;39;41;42;40
19/12/2009;1;19;26;30;33;41;11
23/12/2009;3;6;16;25;27;29;21
26/12/2009;2;6;15;29;41;42;12
30/12/2009;10;12;19;20;25;35;29
02/01/2010;2;4;8;11;37;39;16
06/01/2010;1;5;8;19;24;29;10
09/01/2010;8;9;13;14;30;38;42
13/01/2010;7;17;24;32;33;34;21
16/01/2010;25;26;28;29;30;33;5
20/01/2010;1;4;9;15;34;40;26
23/01/2010;2;16;21;25;30;33;18
27/01/2010;15;23;24;30;36;42;21
30/01/2010;19;20;24;33;34;42;37
03/02/2010;11;12;23;26;31;36;39
06/02/2010;16;19;24;29;30;31;1
10/02/2010;2;12;13;35;36;41;27
13/02/2010;3;4;10;14;18;41;29
17/02/2010;3;13;15;22;27;37;7
20/02/2010;9;18;19;25;31;34;15
24/02/2010;22;27;29;31;34;37;30
27/02/2010;1;11;12;27;32;33;34
03/03/2010;4;8;14;15;33;35;9
06/03/2010;5;9;22;27;31;39;24
10/03/2010;1;8;10;28;32;40;26
13/03/2010;7;9;20;23;40;42;24
17/03/2010;7;12;19;24;35;38;41
20/03/2010;11;25;27;29;31;36;23
24/03/2010;19;25;36;37;38;39;26
27/03/2010;1;11;17;20;35;40;38
31/03/2010;2;12;18;19;38;39;14
03/04/2010;4;5;8;28;32;36;27
07/04/2010;3;5;6;8;19;27;1
10/04/2010;2;6;11;26;32;33;22
14/04/2010;1;23;34;39;40;42;12
17/04/2010;2;17;21;29;30;36;12
21/04/2010;1;8;11;12;13;33;9
24/04/2010;4;6;9;13;21;35;26
28/04/2010;3;12;29;30;36;40;23
01/05/2010;2;4;14;18;20;29;24
05/05/2010;4;6;9;29;37;41;18
08/05/2010;13;17;21;32;39;42;38
12/05/2010;3;11;12;19;26;41;39
15/05/2010;5;23;32;33;36;38;8
19/05/2010;1;6;21;34;35;36;33
22/05/2010;1;3;9;23;31;41;6
26/05/2010;13;21;25;27;33;38;5
29/05/2010;9;10;20;21;29;31;11
02/06/2010;22;24;25;29;31;32;30
05/06/2010;1;7;8;10;11;24;41
09/06/2010;9;18;20;21;37;38;32
12/06/2010;1;8;16;25;27;39;18
16/06/2010;1;6;20;29;36;37;19
19/06/2010;1;6;7;14;19;29;22
23/06/2010;5;12;17;25;30;38;6
26/06/2010;1;7;17;22;23;25;32
30/06/2010;5;28;31;37;39;41;36
03/07/2010;2;7;24;25;31;39;8
07/07/2010;9;14;33;34;36;38;27
10/07/2010;3;5;18;19;31;33;2
14/07/2010;5;11;13;15;28;34;26
17/07/2010;10;13;14;15;25;26;8
21/07/2010;1;5;10;15;29;40;38
24/07/2010;3;9;10;11;18;42;26
28/07/2010;11;13;15;27;30;31;3
31/07/2010;4;6;7;9;10;29;17
04/08/2010;16;25;33;34;36;40;39
07/08/2010;4;10;20;24;34;42;14
11/08/2010;7;20;24;25;28;39;10
14/08/2010;8;13;24;34;37;40;42
18/08/2010;6;15;22;29;38;41;31
21/08/2010;3;6;7;18;26;28;33
25/08/2010;1;10;12;35;36;42;4
28/08/2010;1;13;14;23;30;31;37
01/09/2010;8;18;19;22;36;40;20
04/09/2010;3;20;21;35;37;42;1
08/09/2010;10;11;17;23;31;38;9
11/09/2010;9;18;22;24;29;36;32
15/09/2010;1;6;7;18;27;31;14
18/09/2010;2;13;21;23;27;32;28
22/09/2010;10;20;27;32;33;38;30
25/09/2010;14;16;20;21;34;41;33
29/09/2010;14;28;31;34;36;38;12
02/10/2010;3;4;15;27;32;40;20
06/10/2010;3;5;14;22;31;38;9
09/10/2010;5;7;14;18;27;35;33
13/10/2010;4;6;26;27;32;37;9
16/10/2010;9;16;19;22;26;37;20
20/10/2010;4;15;29;36;41;42;23
23/10/2010;9;11;19;22;37;40;32
27/10/2010;3;6;23;24;35;36;21
30/10/2010;14;19;21;23;28;39;42
03/11/2010;12;22;24;25;27;38;3
06/11/2010;8;17;19;32;33;40;11
10/11/2010;3;7;13;24;30;31;12
13/11/2010;10;16;33;37;38;39;15
17/11/2010;3;16;17;22;32;39;12
20/11/2010;8;9;12;18;21;33;37
24/11/2010;3;6;8;26;28;35;19
27/11/2010;3;16;23;26;27;31;7
01/12/2010;9;20;25;28;30;31;32
04/12/2010;1;4;7;23;25;26;34
08/12/2010;14;19;35;37;39;40;7
11/12/2010;2;12;16;28;29;37;42
15/12/2010;3;4;15;29;39;41;28
18/12/2010;3;5;8;14;17;24;32
22/12/2010;4;8;19;28;33;39;27
25/12/2010;16;17;20;27;34;35;9
29/12/2010;4;5;8;14;27;40;23
01/01/2011;2;16;17;22;23;27;9
05/01/2011;17;19;21;30;35;40;11
08/01/2011;3;7;14;15;33;34;23
12/01/2011;9;10;13;24;38;42;26
15/01/2011;3;6;17;27;32;37;39
19/01/2011;17;22;28;32;33;40;8
22/01/2011;16;17;18;30;34;35;15
26/01/2011;2;3;17;30;33;36;42
29/01/2011;7;17;28;29;40;42;41
02/02/2011;5;7;17;18;33;38;28
05/02/2011;6;15;16;18;20;28;13
09/02/2011;2;4;8;21;23;37;24
12/02/2011;2;6;15;18;20;30;17
16/02/2011;8;21;25;29;33;34;12
19/02/2011;4;21;22;27;35;40;33
23/02/2011;4;7;12;28;38;42;25
26/02/2011;1;2;24;25;41;42;17
02/03/2011;2;6;13;19;27;31;15
05/03/2011;2;3;5;9;16;40;22
09/03/2011;7;15;18;22;25;31;26
12/03/2011;3;8;12;15;25;42;31
16/03/2011;2;6;11;22;27;41;19
19/03/2011;2;3;8;12;27;38;40
23/03/2011;3;7;12;22;26;36;9
26/03/2011;11;16;17;19;33;42;32
30/03/2011;11;12;19;23;27;42;28
02/04/2011;8;10;18;27;36;40;11
06/04/2011;2;4;7;18;22;36;11
09/04/2011;5;10;16;20;30;33;29
13/04/2011;7;12;17;21;28;32;9
16/04/2011;1;7;13;16;37;38;25
20/04/2011;1;7;14;20;39;41;29
23/04/2011;7;14;15;16;18;26;32
27/04/2011;17;18;23;32;35;42;36
30/04/2011;12;14;24;26;28;41;10
04/05/2011;8;12;18;20;22;27;31
07/05/2011;2;11;16;25;28;35;24
11/05/2011;14;16;31;37;38;42;15
14/05/2011;4;6;13;14;33;34;5
18/05/2011;11;27;28;31;38;41;35
21/05/2011;9;17;19;23;26;30;1
25/05/2011;11;14;21;32;35;39;1
28/05/2011;6;7;13;23;24;32;14
01/06/2011;3;6;16;20;38;41;21
04/06/2011;2;17;23;28;30;41;18
08/06/2011;8;16;20;28;30;38;27
11/06/2011;3;4;14;33;35;36;8
15/06/2011;4;27;32;34;38;40;21
18/06/2011;8;20;21;24;27;30;41
22/06/2011;8;16;28;33;34;38;32
25/06/2011;9;17;20;26;33;42;31
29/06/2011;16;21;26;31;39;41;29
02/07/2011;5;16;17;19;29;31;23
06/07/2011;1;4;6;8;15;32;3
09/07/2011;11;12;34;37;38;39;27
13/07/2011;11;12;18;20;24;36;22
16/07/2011;13;15;18;22;29;36;37
20/07/2011;1;5;8;12;14;16;33
23/07/2011;17;20;25;31;34;35;26
27/07/2011;10;12;18;28;29;31;9
30/07/2011;1;7;17;21;38;39;14
03/08/2011;1;2;13;19;24;38;14
06/08/2011;3;8;10;18;24;27;29
10/08/2011;2;18;20;28;30;33;27
13/08/2011;2;9;11;32;33;35;31
17/08/2011;1;5;26;32;33;36;11
20/08/2011;3;8;9;11;12;39;19
24/08/2011;16;17;19;30;40;42;35
27/08/2011;2;5;24;25;31;41;28
31/08/2011;9;13;21;22;23;34;31
03/09/2011;6;13;14;38;39;41;10
07/09/2011;3;6;9;32;33;37;13
10/09/2011;5;13;14;17;20;22;19
14/09/2011;9;19;24;25;26;31;23
17/09/2011;8;17;19;22;34;41;27
21/09/2011;4;7;26;27;28;30;17
24/09/2011;6;14;27;28;33;39;3
28/09/2011;1;5;17;18;26;41;23
01/10/2011;1;2;10;18;28;41;29
05/10/2011;17;18;20;23;24;41;1
08/10/2011;11;14;19;30;38;41;17
12/10/2011;2;11;18;20;39;42;24
15/10/2011;25;27;29;31;42;44;17
19/10/2011;12;14;16;18;21;41;15
22/10/2011;6;7;17;19;22;25;2
26/10/2011;3;9;14;15;28;30;17
29/10/2011;3;8;22;25;37;41;12
02/11/2011;2;3;18;21;31;35;7
05/11/2011;4;14;21;25;33;42;39
09/11/2011;8;22;24;31;42;45;28
12/11/2011;4;7;23;28;38;41;11
16/11/2011;16;18;20;22;35;40;1
19/11/2011;8;10;18;24;28;30;2
23/11/2011;4;6;9;12;33;45;3
26/11/2011;6;22;35;36;38;39;8
30/11/2011;6;8;10;27;29;44;17
03/12/2011;4;10;14;19;35;40;5
07/12/2011;3;4;9;11;38;39;42
10/12/2011;2;6;10;22;40;41;33
14/12/2011;10;13;17;35;37;40;20
17/12/2011;4;7;12;17;22;37;38
21/12/2011;5;23;26;32;36;38;37
24/12/2011;8;15;25;36;37;41;18
28/12/2011;8;13;16;23;35;42;1
31/12/2011;2;6;8;21;25;38;27
04/01/2012;2;10;26;27;36;42;25
07/01/2012;6;18;20;25;35;45;41
11/01/2012;5;12;17;32;39;43;7
14/01/2012;1;7;9;20;24;36;42
18/01/2012;5;6;21;28;29;42;33
21/01/2012;11;20;25;30;35;42;29
25/01/2012;4;8;19;23;27;33;36
28/01/2012;5;8;22;34;35;36;23
01/02/2012;2;6;7;20;31;39;19
04/02/2012;5;18;30;35;42;44;7
08/02/2012;15;35;37;39;41;45;33
11/02/2012;3;6;13;22;35;43;42
15/02/2012;2;7;11;12;22;38;45
18/02/2012;4;9;11;20;29;32;22
22/02/2012;8;13;18;23;27;33;12
25/02/2012;4;8;13;21;30;34;15
29/02/2012;5;15;21;23;25;31;34
03/03/2012;14;18;23;26;35;44;31
07/03/2012;24;27;31;33;42;45;14
10/03/2012;5;11;18;21;22;42;41
14/03/2012;8;13;19;33;38;43;4
17/03/2012;11;18;27;28;31;36;22
21/03/2012;6;20;27;28;37;38;2
24/03/2012;3;4;12;13;18;24;21
28/03/2012;11;13;29;35;38;42;8
31/03/2012;5;7;28;29;41;42;15
04/04/2012;5;13;16;22;25;39;9
07/04/2012;1;7;10;19;24;43;20
11/04/2012;3;5;9;15;18;28;11
14/04/2012;4;11;14;17;32;44;30
18/04/2012;8;13;19;21;33;36;34
21/04/2012;3;9;11;24;30;41;13
25/04/2012;6;9;27;28;40;43;3
28/04/2012;4;13;20;37;43;45;27
02/05/2012;14;23;24;29;39;41;25
05/05/2012;27;30;32;37;42;45;12
09/05/2012;8;15;16;17;25;45;6
12/05/2012;15;20;28;34;41;42;25
16/05/2012;19;30;31;36;38;40;7
19/05/2012;7;14;20;21;27;36;39
23/05/2012;11;14;21;29;30;40;28
26/05/2012;4;11;15;17;40;43;42
30/05/2012;13;14;17;20;28;35;24
02/06/2012;7;22;25;41;42;44;30
06/06/2012;7;15;16;25;33;43;19
09/06/2012;10;14;17;19;20;23;27
13/06/2012;1;4;9;34;38;41;37
16/06/2012;8;13;15;26;42;43;18
20/06/2012;11;23;27;38;40;42;44
23/06/2012;5;14;22;31;41;42;32
27/06/2012;1;4;6;14;23;34;16
30/06/2012;2;6;8;9;26;34;45
04/07/2012;3;5;7;10;31;43;19
07/07/2012;5;26;32;36;37;42;2
11/07/2012;8;9;31;33;39;43;30
14/07/2012;14;24;34;36;38;44;3
18/07/2012;14;15;17;24;36;38;30
21/07/2012;2;13;18;21;23;40;4
25/07/2012;16;25;28;30;37;38;12
28/07/2012;1;14;16;19;37;38;7
01/08/2012;10;15;19;36;40;43;23
04/08/2012;6;15;24;32;40;42;19
08/08/2012;8;13;17;37;38;43;18
11/08/2012;1;6;7;15;41;43;34
15/08/2012;12;19;20;38;40;42;15
18/08/2012;7;28;32;36;43;45;3
22/08/2012;2;19;20;36;41;44;9
25/08/2012;3;12;20;25;32;36;33
29/08/2012;4;6;16;26;30;40;44
01/09/2012;2;4;14;26;29;39;34
05/09/2012;9;16;18;27;36;39;41
08/09/2012;24;26;39;42;43;44;22
12/09/2012;4;7;18;21;38;44;39
15/09/2012;2;7;8;10;17;23;15
19/09/2012;5;19;21;28;32;36;11
22/09/2012;21;26;28;37;41;43;10
26/09/2012;1;10;11;14;24;27;18
29/09/2012;1;4;8;26;36;39;2
03/10/2012;3;12;17;29;31;39;21
06/10/2012;17;20;22;24;27;44;38
10/10/2012;15;16;21;36;44;45;27
13/10/2012;1;7;13;21;31;44;12
17/10/2012;12;16;20;28;33;45;35
20/10/2012;1;8;20;30;32;39;35
24/10/2012;4;26;30;31;37;41;21
27/10/2012;4;8;9;12;14;31;11
31/10/2012;10;14;24;28;35;36;6
03/11/2012;2;10;17;26;39;42;12
07/11/2012;18;21;24;28;40;43;41
10/11/2012;9;21;22;27;29;40;1
14/11/2012;24;26;29;31;32;41;10
17/11/2012;7;10;20;27;31;36;39
21/11/2012;1;25;32;38;40;42;45
24/11/2012;5;10;18;32;34;36;20
28/11/2012;14;18;25;27;28;32;21
01/12/2012;2;5;10;21;38;40;13
05/12/2012;10;15;16;17;32;45;41
08/12/2012;1;2;3;22;25;43;4
12/12/2012;1;10;23;33;43;45;32
15/12/2012;13;16;18;22;29;39;12
19/12/2012;11;15;16;23;29;37;5
22/12/2012;1;2;9;37;40;41;8
26/12/2012;2;18;19;21;22;33;9
29/12/2012;3;18;23;27;33;44;15
02/01/2013;6;17;19;25;26;36;8
05/01/2013;2;14;16;28;32;45;27
09/01/2013;11;12;15;28;33;41;18
12/01/2013;8;20;24;32;34;40;45
16/01/2013;4;12;14;34;43;45;31
19/01/2013;4;7;16;21;23;31;1
23/01/2013;15;29;34;35;37;42;30
26/01/2013;16;20;32;34;36;38;5
30/01/2013;15;19;21;33;36;40;18
02/02/2013;3;4;7;22;29;35;40
06/02/2013;2;18;21;35;36;38;24
09/02/2013;24;29;32;33;36;37;38
13/02/2013;12;26;31;34;43;45;8
16/02/2013;10;20;23;38;43;44;12
20/02/2013;1;4;14;19;31;40;15
23/02/2013;1;19;26;38;42;45;5
27/02/2013;18;24;26;29;36;37;43
02/03/2013;1;12;21;22;35;39;18
06/03/2013;8;10;12;23;39;44;29
09/03/2013;25;37;39;40;41;42;22
13/03/2013;14;20;21;24;27;35;7
16/03/2013;3;4;15;30;33;41;27
20/03/2013;17;18;20;22;23;35;44
23/03/2013;6;15;19;23;24;39;1
27/03/2013;1;9;13;14;20;37;28
30/03/2013;3;9;15;27;33;41;20
03/04/2013;2;11;13;16;26;42;17
06/04/2013;1;10;18;21;31;37;11
10/04/2013;5;13;14;19;26;37;40
13/04/2013;13;21;24;34;35;39;2
17/04/2013;3;12;14;35;41;42;21
20/04/2013;3;5;15;28;43;45;38
24/04/2013;21;23;25;36;38;45;14
27/04/2013;17;27;28;31;43;45;34
01/05/2013;1;13;26;28;36;40;29
04/05/2013;11;25;27;36;40;42;28
08/05/2013;4;5;14;28;43;45;40
11/05/2013;2;7;14;33;43;44;27
15/05/2013;13;19;26;27;31;35;2
18/05/2013;12;15;20;28;33;43;18
22/05/2013;3;9;25;37;41;45;38
25/05/2013;2;8;19;28;36;39;14
29/05/2013;7;26;33;39;41;44;18
01/06/2013;6;9;22;36;40;43;24
05/06/2013;6;17;21;27;38;42;26
08/06/2013;8;10;16;22;23;34;19
12/06/2013;11;22;24;39;40;43;25
15/06/2013;4;8;12;38;40;45;11
19/06/2013;1;11;15;17;20;28;27
22/06/2013;1;16;19;21;30;40;24
26/06/2013;1;10;11;14;37;41;21
29/06/2013;3;7;13;18;41;44;20
03/07/2013;10;17;19;35;38;43;21
06/07/2013;2;12;22;29;31;34;4
10/07/2013;8;12;16;28;41;43;38
13/07/2013;6;8;13;15;27;40;5
17/07/2013;22;26;29;35;42;43;2
20/07/2013;3;20;22;31;40;44;23
24/07/2013;5;9;19;20;37;42;29
27/07/2013;5;13;22;26;39;42;40
31/07/2013;5;8;15;35;38;44;3
03/08/2013;14;16;23;27;28;41;35
07/08/2013;7;11;21;28;32;38;6
10/08/2013;3;8;9;18;30;36;14
14/08/2013;9;13;24;32;34;35;26
17/08/2013;2;5;8;26;28;34;3
21/08/2013;11;25;30;34;38;43;21
24/08/2013;3;10;14;28;37;45;34
28/08/2013;10;20;26;30;41;42;19
31/08/2013;20;21;22;27;33;36;11
04/09/2013;13;20;22;35;37;42;40
07/09/2013;1;3;15;20;25;36;17
11/09/2013;5;8;20;33;38;42;27
14/09/2013;9;12;15;27;30;32;8
18/09/2013;5;9;17;22;25;40;8
21/09/2013;2;4;6;11;39;42;37
25/09/2013;3;5;6;16;28;39;40
28/09/2013;15;25;29;36;41;44;37
02/10/2013;13;18;19;33;40;42;45
05/10/2013;1;7;15;24;32;33;38
09/10/2013;2;3;10;13;29;34;25
12/10/2013;2;11;19;21;31;40;37
16/10/2013;3;10;17;24;26;38;5
19/10/2013;1;18;21;24;26;32;45
23/10/2013;3;7;14;17;25;43;12
26/10/2013;16;18;25;29;35;45;5
30/10/2013;4;16;19;24;35;41;18
02/11/2013;3;17;27;33;38;45;32
06/11/2013;1;2;15;35;38;42;31
